0.9344,0.3937,-2.7334576267,6.5316
1.9688126035254707,0.4744179386098181,-2.301923082095461,8.260287802512941
4.033959754500975,0.3980169107395138,-2.1076903062589,6.436925217515863
4.432837189402372,0.3749524122851767,-2.029621652456396,5.286199741783376
2.267857469974253,0.5003875127638876,-2.533309468004448,9.22492026256158
3.480262470407005,0.3489035678733376,-2.2046438625511646,4.135990424219509
1.0378238818596808,0.3907042476752201,-2.476009168167982,6.180194799823649
3.4132808039685387,0.3903890560600158,-2.491528021443857,6.321257850399873
2.998544344459797,0.3734649566715498,-1.7017618626107365,6.188278706545896
1.7125055026449614,0.420242460384078,-2.219457238376179,7.063335832779041
3.1348619386302823,0.34076824202316,-2.3243791939489946,4.328292231082603
3.762357252010753,0.400385031736541,-2.623991116529972,6.334568677358211
1.5554276621798104,0.4137425264708362,-2.8151494280165275,7.277120120556135
2.4288714460428737,0.4264473465721428,-2.652712798420008,6.055612094877172
2.44164030885016,0.3712861835481117,-2.535175778661237,5.3367044326918815
1.9430585636274045,0.4086087871892855,-2.4852387511294567,6.452264892204847
2.200386122753767,0.3395598457246941,-2.1796649214020936,5.465828507295898
2.337316886574561,0.4139199142184497,-2.325446827413462,5.994100724036694
1.6919718746276695,0.4567458540542598,-2.7677778447030428,8.135988145095446
2.842419382355889,0.3729281476885004,-2.174163334258173,4.2450681731986215
2.443150221717047,0.3565776366771913,-2.690825850927393,4.267490508774182
1.3553175597501352,0.415462366652967,-2.711899586176877,6.72627062081199
4.045907575889464,0.3909689807723694,-1.9546101743656297,5.1771984581274
5.262218093207739,0.3755580021806124,-1.7337798047726494,5.138157153358371
0.1332688561012363,0.4819757799344183,-3.431625831346299,8.880617252668225
0.8777388856464767,0.3986044443642266,-3.046356232583869,6.6846812074029005
3.4442869083441137,0.3770816271416528,-2.2073169557967702,6.213441762015062
1.4887128955268736,0.3956110662578981,-2.758453633085224,6.326686612543373
2.090497631682936,0.3706972118679835,-2.495853765616455,4.2318084380387
2.927970943347908,0.365947200601381,-2.1035583032353498,5.522027003361552
2.1634571653902386,0.3692309016582885,-1.821016930788889,6.038536915052853
3.4670086215221003,0.3407627787709849,-2.524813361834614,3.776364563387256
0.2386527571758616,0.4900787016848953,-2.755094894741884,9.111096285463969
3.433648852321506,0.385907467808623,-1.5325942062726063,5.692436974375156
1.8134321932070607,0.2994336662985207,-2.162154019118787,2.8959694474163
1.1319368340352838,0.3212717720769173,-1.9266574457746892,4.271626393303498
1.313684453902069,0.415418623588196,-2.72049406574551,6.54149137453034
3.729452866651621,0.4226622982748308,-2.616839126536354,7.172278302259513
2.95972871736679,0.3788592970335731,-2.4178181862662145,6.0024676351943
4.435292731052559,0.4915929215535835,-1.2538797265673474,7.665744472653266
4.64332918450269,0.3235847530032232,-1.7380244703438337,4.885771184707937
1.232307297809541,0.4219761562826204,-2.3349448492813494,6.573111268067825
3.562298366345644,0.3890443482855173,-2.656449263021893,6.367521439391232
1.294511171782123,0.4204767825300374,-2.635227364080856,6.817411494207708
1.634265850556888,0.3529981988140231,-2.069421748393835,4.203361958836068
2.3000245406994013,0.3807004685876427,-2.340462425490088,5.158368682693134
1.111445595048292,0.4299718431854757,-2.334017785318557,6.635274162762807
3.3470241251477395,0.3955832754819574,-2.158631152655539,6.1160271122579015
1.929870326280956,0.385539901091418,-2.607153103815417,6.134375083759122
2.1595543524953915,0.3550067170435012,-1.901394797270945,4.282059462649805
1.7989049237721226,0.406702014622095,-2.7836883192028834,7.016429976443215
3.013401938167441,0.3926728649609329,-2.46636921563381,6.257267958500377
2.043284522958781,0.3810716313695705,-2.1490455666372195,4.434863654997689
3.3093685895837925,0.4643676391396257,-1.4991701625922842,7.413892520168468
1.5937376430164412,0.3922262388472396,-2.339100675765114,6.324372640171158
2.122371577889455,0.3497478033428216,-2.0743339882167686,5.834473587444185
1.8602373174557176,0.3542364775211992,-2.295691405673633,5.524010033953132
2.214476260284305,0.4062485103554175,-2.053792499124969,6.943186746197289
1.9148184826549104,0.3918787431602341,-1.4105413227523256,5.8053117024015775
1.6922208803572567,0.3743306277493646,-2.152393144662589,6.030597221137118
2.9274402056486424,0.3504855300931375,-2.308925276231818,3.886118434060395
1.747059799491164,0.3474745075593501,-1.6766527239111273,4.509781606824913
3.485849551376334,0.3881870897392644,-2.4237631743212846,6.2548118288874255
2.2321955509474707,0.3984983629247269,-2.565729181613293,6.615026917434009
3.951261221788488,0.3707730305457736,-1.8724788075932,5.443477052110044
2.9428071437175576,0.3907035576679523,-1.874518731408349,5.646962963966211
1.8917116893930328,0.3452871023986824,-2.005974835684928,5.272712679147909
1.9034097097605591,0.4092999021734735,-2.4181094015831426,6.915315584087757
2.0227614723167795,0.4042289334859692,-2.209611817736328,6.896740302348439
2.624189440761909,0.3307964434603518,-1.841068006438045,5.351973158041365
1.5786513632738477,0.391350853350828,-2.534634367739126,6.431312083619373
3.1531013896174227,0.3499021278676453,-2.232594529378065,4.014101251650386
2.4434634074606163,0.4247347232177045,-2.437182286448606,7.098833049112964
2.3288838951835094,0.3702371600960997,-2.1209981970717027,5.948867072614632
6.186450059114069,0.3851597790204913,-1.8722408686286136,5.735616887190419
2.7288187892619926,0.416716141040137,-2.322824103417505,5.844598847666226
1.601550028782825,0.4167860914145057,-2.9267169833937303,7.066455948922023
6.26353415283392,0.3641472467163549,-2.000493493554897,5.902156206300294
1.448369513702032,0.4521867750537738,-3.12085399113751,7.665262513583182
1.1026690775477062,0.4271112724914259,-3.0128399007112354,6.758703846136414
4.167255042622709,0.3113897911581418,-1.5203417538748334,3.550863981621032
4.0890012343481565,0.3703586927587494,-1.8832000545108565,5.640145828741852
1.390303858871368,0.4091534909668998,-2.085395501650203,7.033362667205908
3.567990982480466,0.414659967543607,-2.217385844558453,5.986170006522452
1.7013747636153935,0.3446163177762844,-2.5407132672916086,5.64422972512541
2.245054378606295,0.4639890397156095,-2.2609139751928646,8.244756723191832
1.3642973537262322,0.4417252991721376,-1.911731493629663,6.670777136404649
2.974547978030147,0.3136451263765963,-1.936716784827204,4.367305404335094
1.813953983878355,0.3554920573502046,-1.8138247587232852,5.870568477842379
4.556160637086535,0.4075906538344498,-2.430247663972544,5.76872623420887
1.956899735192924,0.3674393254185508,-2.0577930542974574,4.170101956514594
2.921058111656057,0.3381774799159611,-2.174440525268248,4.276789078186417
2.743790149400864,0.399167803345047,-2.5239299475260477,5.813773307484488
2.858024231839707,0.3343993150200107,-2.532272814892845,3.844765794248827
2.7307207683504453,0.3309107963426791,-2.032371377421752,3.630070472824663
1.6104409887123077,0.3929154091532263,-2.466190330272259,6.285123175969714
1.4903364033402862,0.4172261548953166,-2.204487205438816,7.260036981339805
2.6481116661531034,0.4056433576189487,-0.9456267183878916,6.09183987631
2.254736255808453,0.5059096949556858,-2.457569403460048,9.296898057211903
1.188765890306589,0.4446002640043776,-2.469675995675606,7.827621630682724
2.4310035277790383,0.4421288339460453,-2.608287785415329,7.587899326210684
2.16984341478026,0.4182421246837393,-2.407471598367397,6.429307230417537
1.7747636154893347,0.4470360693116367,-2.5698501721376537,7.771655495427684
2.4683529358103717,0.3310150278834993,-2.357335557483377,5.318187275630115
1.3073013657952643,0.39130954615064,-2.720012669248511,6.702384687928751
3.28978183547786,0.387847375543617,-1.9611631533854488,6.011444247846118
2.13938637957015,0.3144910709647536,-1.3273681292109556,3.591282903302832
1.447389873786013,0.3665920224268238,-2.258894216130627,5.61416485632435
2.4158626786216755,0.4103505038434512,-2.4704247224381595,6.553010092880653
2.182066307573159,0.3400597826952108,-2.090574369599481,4.782985794060135
3.331854816985571,0.4142064682165788,-1.866716585142684,6.981742851255847
3.351158606420194,0.3975836244576037,-1.5208219678215835,6.616901386572679
2.214159177612997,0.3639202006738802,-2.219032022254658,4.034945602207643
0.888597635025713,0.4487943473751425,-2.6785351134653244,6.635628219962361
5.712853727042781,0.3256121629216196,-2.099547437702882,4.178778460872422
0.5865491518754973,0.4059826757164643,-2.64124915631092,6.997802017060186
3.525126924641805,0.3784481687837104,-1.777990135634296,6.205297903445685
2.691603367945103,0.4307206964959404,-2.624315480208553,7.401158182449754
1.9436450910166432,0.4373807837202326,-2.364322852718426,7.20205827050584
2.4741804731270025,0.4511657742324936,-2.058297695297779,7.459038088226863
1.815484005190608,0.3842106037879624,-2.222761296088757,5.762292356422431
3.2342412307635797,0.3830355062831845,-1.4393685472520414,6.153438771374397
2.3287886590413245,0.3437681552855714,-2.276295960210761,5.306528003121809
2.9512730204069757,0.3919396314391521,-2.22745704298859,6.285181490259203
0.7056596230284704,0.3837442848359726,-2.4610788923236098,6.069973392438418
0.7043889064691138,0.3115864830553941,-1.8356863680758424,3.198673390929205
1.915882940396099,0.4071619243790601,-2.0678719547019995,7.04494754288494
2.325149922647625,0.4868737485178393,-2.2117046668342133,8.567145005903612
2.3904347206138854,0.3968944606349068,-2.2200694544944195,6.442048980239259
2.7912535164385224,0.414142615839326,-2.073884619122333,6.68548805790907
1.8946903737098528,0.4355080144642179,-2.0581044715144645,7.176525195959477
1.4303986326123097,0.389018370052158,-2.7406934036320734,6.524881472234972
0.2866427065153498,0.4122505350241986,-2.923915078398659,7.177579989930027
3.479182067073744,0.4640296337539234,-2.530368194535297,7.87900536253322
1.446415005618245,0.4181056174741016,-2.707172193739665,6.772460157723051
3.2694000285841014,0.3617205600017859,-1.4086552536518009,5.825858534591537
4.341335576457366,0.4025875707478882,-2.538480932696441,5.93432929266527
3.3793178857889634,0.3754441975993624,-2.409097321639772,6.007930833451256
1.1826101760039651,0.4068836615823559,-2.962413790105841,6.650730362606075
2.536871259273504,0.4119249219837895,-1.9563306371584357,7.059695421479715
2.976781434563799,0.3539854124337863,-1.836570127294897,5.780063924871272
1.646351257353293,0.3403572039218979,-1.917521259646384,5.620404468062153
2.2604290906484032,0.4260218106000544,-2.713561512732382,7.0100483281268176
3.402355409172057,0.3584804661692924,-2.0334989390837093,4.952112954129689
2.2730468853736774,0.4475632138707434,-2.1483375885853127,7.368888712889485
1.878903919440499,0.3889796604900691,-2.519917086440035,6.225534883873688
1.641994571670597,0.3986856410852407,-2.733917538526873,6.7295093306031175
3.034944631881636,0.4153847548824648,-1.7800618651238374,6.908415915958264
4.299055660133818,0.3785077125518225,-1.601409022515309,6.154226660686822
7.148254452635632,0.3386006250977667,-2.0330475005263398,5.587358072206934
1.6620625565876863,0.4759305580321187,-1.954441513136436,7.675728403032116
3.894078499442614,0.3614970655671899,-1.9816304128126905,4.139704749699541
2.483709507753267,0.3937954150934392,-2.268200073390658,6.345877667668264
2.532875993756285,0.4370171069768864,-2.5184256688484883,7.503414038668623
1.906529796883896,0.318467888798746,-2.0014003864131893,3.274661581481156
5.858016671182378,0.3866057520763785,-2.278432458962872,6.330017473736099
1.020064071100947,0.4145329148228148,-2.529624813885325,6.6433291536645935
3.993990636797321,0.3976720491205212,-1.7064485063373027,5.735856970378121
2.797820714498694,0.3949988618632618,-2.083151612553649,5.993148829017105
2.3397447719671747,0.3599083310881386,-2.103865248934229,4.355111633012584
1.6727978767454856,0.3569342818296954,-2.223345278819814,5.902282194814001
1.777201819787542,0.4456608116583106,-1.8763000955389533,6.4153319342806014
1.787083871828847,0.4036111772341977,-2.6977321414704187,6.714080710678023
2.0213464899019544,0.4194408293901911,-2.456568793494561,6.778413352010622
2.62264995548229,0.3586463025469137,-1.8617382949610783,4.0349200907833325
3.146442892107373,0.3695990561937655,-1.8043086783276447,6.094052957894046
1.078172194491049,0.4487775426880722,-2.854066861057537,7.846007369434394
1.835948323564548,0.4680595478787208,-2.257920219704848,8.004763721822918
1.234631934499364,0.4412001008348727,-2.284973386132697,7.442047893334778
4.228799620045217,0.3911911427558502,-2.199089214623958,5.381291231608079
4.970608445590633,0.3923984486074278,-1.5067314381542052,6.12508552953264
4.009116601579539,0.408557970546653,-2.4036255015028885,6.935796845022258
2.679360433809548,0.3563417758304611,-1.8330867777191209,5.771810634357817
1.7739435110231885,0.4054446775128352,-2.5604887101870064,6.772321085985661
1.3061549532778576,0.3815254530087185,-1.755450382987144,6.005858474090329
4.050746446732967,0.3413998453469568,-2.168760052762776,3.843721894345956
1.9168847689414876,0.4153860169628723,-2.504576798251686,6.60915856586972
3.493686670704488,0.3994322950168346,-2.45255285285061,5.871461912054165
2.9969361857699277,0.3936852772756433,-2.457192625705347,6.531204857974228
2.323725416618582,0.4115821658903301,-2.414211260189468,7.1170554457992505
2.082393612569252,0.3642029560816632,-2.601291325415854,5.870863617441734
2.7726477542439465,0.4159070462360904,-1.880871908709096,7.274252222764852
4.087987715019552,0.4040877496633145,-1.4837737525400576,6.780692418548899
0.237877984318104,0.4888367948052757,-3.443942486367981,8.993117393693502
2.5065564967198526,0.3174296831787986,-2.0343346818353822,5.081691752634592
1.68598881808261,0.4359704693755079,-2.171093212084861,6.098949644162246
3.4089747783464457,0.360362250285361,-1.7515725050847069,5.879601607779642
5.194473583282143,0.3621979030162004,-1.4337843971597808,5.603072489034102
2.0979835901043526,0.4410904011022281,-2.4551849387027023,7.16570931734892
4.726419795863171,0.3392694141018296,-1.9467465847599688,4.074868223261909
4.655645384856189,0.3506161986372499,-1.9885806548066192,4.245821656563125
1.8770020596457528,0.4282534429111289,-2.8593435480851843,7.169100406187957
2.04572972582109,0.4890006923705292,-1.2930526890078895,7.991910652556467
3.499160661240256,0.4041539755420774,-1.6625224802645695,6.694908668459224
2.535585452060302,0.4346597926977128,-2.43551402832198,7.325983599483925
1.2616684215045717,0.4217175038938143,-2.763740026879494,6.78265762561836
3.4315406939440227,0.3830421334402364,-2.180255254181621,6.273994489374722
0.6162885956777291,0.4053929902570057,-3.0274403559003584,6.899974875151841
2.8872712312223907,0.3659737215787121,-2.3553379652716555,4.345905318426639
1.736615476447565,0.4045697384179376,-2.5339663007581064,6.64343385392896
1.1866509719524163,0.3805157886826841,-2.397461421377818,5.712053432500426
2.6369894765058195,0.3999926865033112,-2.0540359197026863,6.247213906179571
3.225758096251319,0.4054548568952221,-1.764608002838704,6.669254655971669
3.284616338466546,0.4097901413774144,-2.3876371265054277,6.463643366671248
1.9543459750578944,0.3707524865441495,-2.35389301205029,5.931061718766029
3.585749918418687,0.4042597284948958,-2.797836399649023,6.468335882899103
1.4993917499970308,0.3899471238481122,-1.911892049462362,5.847139923427152
2.8685522195359816,0.4170431927534176,-2.289647175784426,6.9129307485632845
2.6510832127298305,0.3721446699059549,-1.6874264957689884,6.133489725292127
2.5629259391936943,0.3670495944947367,-1.6507492070820793,4.2028662098068965
1.935398953334204,0.5005615464895962,-2.969081205498667,9.274739247754493
2.8175524104577643,0.4163189339570398,-1.300804010249332,6.631903379638525
2.9534871911247778,0.3472449521750083,-1.5348694822236728,4.192319511197715
2.840365780966747,0.4331825065871741,-2.3695547506554107,7.047027482414004
4.555297745944401,0.3739317399505779,-1.986826637150512,6.132185333062106
1.7685299626319375,0.3754099053186999,-2.188292740264972,4.698385360359699
2.7010728228209344,0.320129596717565,-2.142003282815615,5.077996181498918
0.947515683152358,0.4095233793192968,-2.6464723575762856,6.600592553559074
1.512401603488013,0.4589477719047019,-2.6693280728679625,7.760639524510777
2.4833220939862475,0.3607578519824213,-2.011272365160705,4.366057413037738
1.033705226885594,0.3844218336906919,-2.255583987032057,6.437983872674957
2.760173430082766,0.3652768309095279,-1.9228262293341416,4.467709269048605
2.539121078927201,0.3781407385925388,-2.1387326198293257,4.232754015533283
1.9274562193114184,0.3749920517362547,-2.0638086135022538,6.150837286973946
4.119970039558233,0.40455939479221,-2.707814712708024,5.829378007949671
0.8931872615522165,0.3915313635742836,-2.597700757950878,6.524992619305211
1.7940577818983168,0.4070142683808516,-2.793377544664077,6.6937326607483
2.2542715670579008,0.3628375184512341,-2.428720375690125,4.413000915961871
3.2792590171755247,0.3956407927589258,-2.3104860516272634,6.473845661052237
2.935346197209892,0.3797177883310655,-2.2970900977756417,6.020218932403283
2.8513860540242946,0.3603488539563385,-1.8188796683064092,5.95224380265877
1.7231597030824863,0.3621672277937705,-2.013888954677249,5.881139033080782
2.5003267706136207,0.3605661441913577,-0.8792271132089959,3.9320013512311616
1.8587575187938108,0.4988904137198277,-3.029807427314466,9.265099790553633
2.658609810540522,0.3888181614333005,-1.846440381489968,6.1442008346885215
4.204091030424472,0.3942646987612199,-1.904673442471412,5.529160652621851
4.659220378646163,0.3711428472732551,-1.6929963074394858,5.99547239402961
1.0468855908474275,0.3936206561654612,-2.7999889860118063,6.422921065889538
1.893588338451184,0.3871335208836711,-1.180066713880522,6.035977468480805
1.691338504576429,0.3960250440679764,-2.359786787056837,6.34534134168448
1.881647038451973,0.411010663280109,-2.215404466219279,6.608630100162616
2.447433345432819,0.3714569225277075,-2.2813673762244373,4.419346779334439
1.4003013076912203,0.4312881140161535,-2.8973119845517616,7.593435581085266
3.062346237157216,0.4486249618594671,-2.216610051561175,7.552454442771496
2.112679282370282,0.409077919271577,-2.449489641205313,6.474623276845143
0.9431765734090548,0.4485825302715971,-2.676278413407745,6.630265304873501
3.7832843902005138,0.3556776498553796,-2.0451008410260187,4.378994601054619
1.2617415883110936,0.3739302395320895,-1.9710769894844689,5.846474902650191
2.181249702389064,0.4187878941906998,-2.564766610347467,6.877165731223896
2.815315136525512,0.4134017746400983,-2.5996795340635943,6.928620205564506
4.371038118739786,0.3350833576612496,-2.3950871930710607,4.792604566322366
6.005494867573571,0.3219310374370437,-2.513030480431355,4.102011965029611
0.8346840374068958,0.3552764515356119,-2.1582178575027995,5.284309207342369
1.5909008386809642,0.4539466140464724,-2.3934100534993386,7.66531298483344
1.9319487805255744,0.3626553985195483,-2.31042550135907,4.291417053086931
1.1113679746100686,0.4379017882952039,-2.835105801099948,7.665766812386986
2.078036052066043,0.3925421849938814,-2.269387230657848,6.623043227500557
1.216784880276767,0.3854851327293098,-2.368866974503583,6.258993047907239
4.486634674480404,0.3453330806547818,-2.3827664237599726,4.979252145210892
1.8988342394205349,0.3903549199957638,-2.335994812242364,5.8762731943046544
2.243819589334815,0.4150077534350116,-2.55323588314824,6.646644121929472
1.7605393520683623,0.4086766505618061,-2.48620186439748,7.021960508484775
2.956775442609409,0.3491622227319684,-2.121798500270616,5.332895645992105
5.206795509733544,0.3253710536974608,-1.9395904312040184,3.461346738008194
0.9817084405393774,0.3778970076494903,-2.032921928471825,4.320424507825216
1.880359382186324,0.4385682606037241,-2.646637594337052,6.72931751227222
4.834255739305933,0.3788387295686145,-2.166887619944805,5.429035931155156
4.778968355365528,0.3621007549325403,-1.8907031880188925,5.857492373225147
3.0983798554905,0.462056224082162,-1.5463678124733835,7.552407281111419
1.7432713494960763,0.3521975557500052,-1.6708333448652666,5.960929348058526
4.618882722919223,0.4285469222976391,-2.165231150365968,6.131398417665541
1.933964287457842,0.358563486855827,-1.809006408462791,5.902469927869519
1.3288642599103904,0.4485777091738368,-2.535643699012696,7.817848824577494
2.5918296709365407,0.3541203093177377,-2.1949070024877733,5.766233216455362
1.522435715240264,0.3660354770748182,-2.099834588003331,5.974351985728884
2.6085644902885825,0.3447749595546353,-1.545841479066941,4.236805367613396
3.792911551356055,0.3908136411496054,-2.0068030889516937,5.673344431270492
5.856602006884104,0.3500813185872696,-1.5554941932892117,3.888825127229954
1.672931803813076,0.5202773763839335,-1.626017597549308,9.198473327426534
4.076129125323365,0.4060176706622461,-1.9415430187560216,6.885025938953581
1.256861123728665,0.3528644627476677,-1.948217012084605,5.58479051972456
2.2013613885672223,0.3659348465383701,-2.508257387354329,5.77741314998581
2.267523109597818,0.3600806952123687,-2.51686645170936,5.659504449107096
1.2988843199962865,0.3776023402773128,-2.070828761461394,4.313300890760152
1.124409560226923,0.4034578085315222,-1.933443806013345,6.500623899954343
0.1883349899810498,0.4747804298373215,-3.4560190836892146,8.69237741615374
2.304221432462528,0.405911011283773,-1.9475688267296387,6.992202879972169
5.254102940014802,0.3267355774927612,-2.363352348511349,5.373896021298801
2.001433189157349,0.355386902094957,-1.976185877559145,3.9396004460855374
2.4924784476182182,0.3594371280578593,-2.2197162045623715,5.87716754210123
2.1630453436338555,0.3569463864404143,-1.1959974395533686,5.532910280397146
1.1711861335152092,0.3993165213678646,-2.7303948198824064,6.72857968051128
3.2295928322044456,0.4066615613637875,-1.89381812391933,6.469061407121558
0.9616744145640106,0.3380157903739645,-2.2609188716899875,5.236771839830164
2.233202191005679,0.4104211852859229,-2.69978997599454,6.809880039102652
4.034731505251507,0.3960488389763255,-2.048652532151574,6.103288262636949
3.0092201370581604,0.4150909074920784,-2.249936262690062,6.821766776986095
1.8000528473431423,0.3887416228016184,-2.161020723319948,6.228650380380375
1.486656590147056,0.3482322991653038,-2.518547520797012,5.720607895720336
0.4591135706065239,0.3938092488901568,-2.6329067077640023,6.542419955900348
2.0765942683318723,0.4059713775035009,-2.489463190164099,6.672076495299603
1.26724874249721,0.4268037570913031,-2.299771921568004,6.004856986930374
2.018634506547821,0.393559976586728,-2.47878010512842,6.401047501735837
5.018673311377669,0.4156580064049088,-2.3288498313226147,6.839158259687606
1.8131368219902968,0.3600881046863856,-2.128079123186324,5.849969329995134
4.074889902302468,0.3436460125762277,-1.88103825411072,5.1620603236904685
1.368157539003367,0.3987296780591477,-1.8910984800759207,6.185523438245454
0.7756256998816586,0.3354448905967802,-1.502875437431365,5.246700058774303
5.4141133378970085,0.3750066311112952,-2.221458575330354,6.244383775638736
3.0834826165078013,0.3397443119898185,-1.9161693337112349,3.801124021228848
3.839707291166485,0.4075752520077934,-2.2294175511636123,6.730661619584411
4.598282608542961,0.3553851188815435,-1.8173095372139456,4.318725998564493
2.065886067609969,0.3554529847238889,-2.16767109643914,5.498508366038591
3.41238626022967,0.3053686352274491,-1.8877127401685736,3.881298153861601
1.283472686552083,0.432089431342307,-2.942696242899693,7.44270732917831
1.076834355339622,0.3834509888339444,-2.478276018448528,6.280462911008674
2.5002618897491145,0.3835661036571831,-2.3180255177598617,4.7538419566264825
5.451659998071685,0.323936698079376,-1.6414870300793805,3.766225909667452
1.7579771618447555,0.3853341313535827,-1.8869858413126908,5.754221851816672
2.751992923821068,0.4272104310123692,-2.968012278619865,6.95797723576564
2.1756759425502707,0.3421711468938679,-2.363078021490158,4.696543297624883
2.6128233750144085,0.370251033101284,-2.0230281464541022,5.852173499818121
5.805576748481879,0.3535046882293954,-2.016634984173077,5.662788458913823
2.830308247883496,0.3774926603032655,-2.872789390775415,4.31661916861521
2.213797538742392,0.4077561987727598,-2.276629753495752,6.7971052278540185
0.7570031570390656,0.348695919833839,-2.546352504516279,5.095968842026142
1.280563351643184,0.4031798816309734,-3.039303946358079,6.5674498693145305
3.851462970158715,0.3708363938977413,-2.2905871923679086,6.171195257055487
2.31205378004243,0.4306439417545994,-2.463167436199497,7.178576383423844
1.0194039792594989,0.4387547373061318,-2.528984241197584,6.760147172204235
6.095863508425412,0.2931911548013982,-2.021371861648742,3.647107415678052
1.9379542245228465,0.4015352723083608,-2.5268938865416284,6.488572337584915
2.638437423748148,0.3754663568663223,-2.506664910989462,4.495844508874648
1.9914064736148875,0.3595040306685825,-2.3697301253209115,5.863131242632783
1.701526664268064,0.4157762739593417,-1.8040048121867045,6.553211771032298
2.847186597446483,0.4064229886495671,-1.9761560428018332,6.8178650459620735
2.508193499633789,0.3712955355392334,-2.703365022487504,4.470995416298991
2.1313377922653203,0.3710796815072611,-1.8878253534432807,6.030074650637523
1.5796533508775112,0.4333564760974412,-2.506787009302621,6.636626613000246
1.7549038378542825,0.358933676526834,-1.8799807092780605,5.408290592504143
4.636471546032281,0.4025985120711865,-1.7990369185927,6.397480866717625
1.2545795123022427,0.3949641722495552,-2.23332474183829,6.438086263121177
4.0275481154338,0.4033276944630486,-1.913583933957496,5.5990406497460965
1.3134807797808703,0.4220744281365064,-3.2393068960637543,6.805721814839616
3.456697191667303,0.4603639397339,-2.0783160044504654,7.457274628258842
3.144911717622626,0.3808068575203142,-2.3302588276254865,5.933335907106279
1.4964902089436094,0.401334497173469,-2.698834426120814,6.899638400150123
3.672871861760253,0.4139957180772918,-2.300255064174354,7.036093837552846
2.214957809212012,0.4450680389180116,-1.7515266812625772,7.359594142565386
1.3807551929745627,0.4024706974094829,-2.3908995855493678,6.279988777740372
3.1163121649485235,0.3919361097778975,-1.6971864278804576,5.5303179404633145
1.7255088347466667,0.4267087997421274,-2.647992254919651,6.911126815065344
2.8825287099289976,0.3731429187023539,-2.3590122967125677,5.98351742170486
1.307043850447962,0.4670043054081839,-2.703923678934072,8.273987851066504
1.7805360788782307,0.4220356716477487,-2.2816396461009254,7.460838229486055
3.861829116060128,0.3360580393906255,-1.9589854131934208,3.7271997738534193
5.427796485066269,0.3748773049168922,-2.1702933215467115,5.238934519113748
0.9965988400162497,0.4461401502910603,-3.148875012005302,7.812294780655691
1.0144887604439723,0.3847071151116586,-2.4490124082706477,6.119143513730654
2.2626748145515183,0.4084110443816351,-2.4253810508800315,6.556005892542467
3.752271605377387,0.3815617007730653,-2.049477200812899,5.816891717120032
2.267785774456775,0.4328442196414592,-1.305084743603096,6.056406465470367
3.569427040116735,0.3416863252503456,-1.200800170295997,4.511238378102844
1.8306636123760855,0.4540516211122397,-2.4269474865029688,8.224250502431385
4.4335651991272655,0.396215609565129,-1.6084717053287003,6.735491966453338
3.6828876818108736,0.4156163898591806,-1.888931185744422,7.003290903425304
2.4555147608744474,0.4221944220983852,-2.190541741427704,7.115813935782665
1.795213181208264,0.4659062262985308,-2.8641991486785066,8.216059680432593
2.1419786119254565,0.3809287865898237,-1.751810099138804,6.3228123752502805
3.896076430435489,0.3932420095060482,-2.6625797020560404,6.274220972215274
1.581940449814423,0.3585079133308756,-2.449171338096755,5.310866806899087
1.798923573354872,0.4214722181961346,-1.88483502877528,7.508963118205155
2.829900462230841,0.3276979051591263,-2.07400642179793,3.556769393700367
3.1181028430090114,0.3977024279639904,-2.437158746307722,5.835104667684344
1.9849711348647296,0.3887098451112004,-1.9955980558000777,6.1131173447033404
3.418462524923908,0.3630773334872646,-2.295134701666798,3.986735629440978
1.819453861148388,0.3803083308196853,-2.3860661331367408,5.6948910010193465
6.395537251529165,0.3977036894269418,-1.815880129601056,5.763069661941257
2.20714057216824,0.4466789870001657,-2.835048447412895,7.597573534108444
1.146435313922438,0.40475084695642,-2.993695151281711,6.602854244748901
2.0457682974527893,0.3204651767354391,-2.040993868649396,5.06300297953199
3.1119095114243387,0.3393334714745302,-2.004773537087683,4.047702003860897
3.9368327275423542,0.3995727212207711,-2.185046110148837,5.703765598139458
1.6237487583524546,0.4086396155408451,-3.0960960205887824,6.605562179014778
1.245372662638515,0.3559229454323579,-2.622385656748834,5.57307408783584
0.8054410144810882,0.3937108850353018,-2.7571952518020244,6.326687508890714
2.517537248766622,0.4206976712996041,-1.3597319673205586,7.403265839796582
2.5776063817475032,0.4084437806727541,-2.6973766865748865,6.68235856459391
1.2966377013903745,0.433908378179063,-2.42788019837502,6.448148279143355
3.825095561787496,0.3714640492067994,-2.284768823417052,5.617046613024515
5.081697448874673,0.3629648181544935,-1.4993042342267096,5.470113530232737
1.1389445439882009,0.3877427868044036,-2.775006528007569,6.094502351113874
3.989981254858192,0.3642693746067506,-2.1654817586319144,5.943785179654513
3.016686889192865,0.3952616258926912,-2.442517928533434,5.971176916598942
2.7418789250501745,0.3814166226543585,-1.9901761614564983,4.299270434786869
1.2417116183217405,0.3333479847517547,-2.490872839333253,4.976549657978854
1.804336405983885,0.4028035235728474,-2.01703668171062,6.903621354033167
1.3802714172310049,0.4694040562148769,-2.264837116052942,8.137726783137111
2.5770040877067504,0.3567264658421191,-2.132585255544747,5.57815296424241
2.0058185053295534,0.374219179380852,-2.8153425778904517,6.033832099905237
1.8219562056960084,0.3842457907626124,-2.5281295037325435,6.459101953920087
0.4463656860945453,0.4220162934033699,-3.2320720536433503,7.475078154937866
1.7073049332839996,0.394713142665872,-2.8217618548227974,6.388535527107398
2.558882876664824,0.4322139846005309,-2.649140141664005,7.511151860511413
5.452320408029683,0.3287853640226886,-1.9596030739700971,4.356517243542302
1.1727522212913295,0.4355087158944248,-1.8726456457240943,6.628766612119946
0.9644681141069495,0.4348662107645246,-2.959326151406973,6.749419687231424
4.081240144875475,0.3667997741989586,-2.3058667763101672,5.929251786635885
1.7614035156766972,0.4059515942078758,-2.7404405349706,6.630469568642474
3.535085881359096,0.3671475650300126,-2.5466598690350386,5.428291687063241
1.5076979321783006,0.3886312898676733,-2.821954906150867,6.2952338533100205
1.3494139528134623,0.3977754063434074,-1.7530962703528434,6.070471248745712
1.7436561909925543,0.4802512890724295,-2.808417760726866,8.785927671201106
1.432901175982774,0.4118166905619125,-2.200348907798839,7.158552466482457
1.2404071814080735,0.3955025106715329,-2.763290411420424,6.5906679200042975
2.052542668916211,0.4487808868306785,-2.809886093952103,7.84340299776126
1.1585984206862037,0.446867538355298,-2.4571814284326816,7.6734902926723265
1.961658122549253,0.3752092975144298,-2.0917440719322733,6.0165191639488125
4.788961986786779,0.402977546184345,-1.4979516923799725,5.204252772010423
1.6652927120373566,0.3708664442545292,-2.2563568821653157,5.899915734410011
2.0315280089106063,0.44794226280285,-2.3634290295040263,7.507542476620031
3.0524271245378243,0.3478075140199157,-2.396696545413433,5.49733987385537
2.4329989734863657,0.4501332788471885,-2.5063729196239333,7.703511585202673
4.701967926298352,0.4239712559546539,-2.368711592328221,7.031055607050685
4.603834219516953,0.3524508831968178,-1.7885705605265252,3.949861278842851
4.925216235999226,0.3489970754354307,-2.148108260064723,5.333023065214068
3.669918944883991,0.3566356084018994,-2.012587853766322,5.487409862216549
1.8170652432674268,0.4114876185320499,-2.6768930438994096,6.721771715609713
2.9330233101610945,0.3639745022391252,-1.7442729673111237,5.621708377643606
2.8211375442127724,0.391455410908505,-2.630115347175314,6.338695805263507
4.199786118210303,0.3897091287641371,-2.011238687115086,6.063108203516003
1.5212086601774082,0.3995041885257643,-2.109138560766376,6.95187317932566
0.9307862518993836,0.4176233718577125,-2.927393747046369,7.014885776824674
1.5580622239185642,0.4729545823104312,-1.5586161259452866,7.146876094424884
2.0566566316711845,0.5317959075874159,-1.6141553867335443,9.619644051462396
2.3123569252323866,0.4651075393356532,-2.6606472671311887,7.709659976361117
3.49800653439651,0.3990782573817283,-2.431514544835654,5.73254989686482
1.92739740751422,0.3929934676532662,-2.4190147916171605,6.501879992852663
2.637573856608345,0.4111663066913077,-2.3585075325299285,6.860380730923023
2.4192625517361077,0.4182506085314886,-2.324249205808396,7.374144755795423
1.134000058450066,0.399681991821379,-2.562468397848872,6.521559195291777
1.5919204817531578,0.4174045947882406,-2.8008140119018523,7.205147910839239
1.8553122370271389,0.471066238340033,-2.1178954562207024,8.165527064856937
2.925212395683755,0.3548433529603769,-2.0235884289072628,3.969791079313471
1.4916071198996428,0.3967758608890555,-2.402245182043543,6.602224595216997
0.7710106240311476,0.3856574542490644,-2.443177237251676,6.183503295426481
4.931386583663154,0.3067690653338353,-2.203094284428385,3.929018169381912
2.6862026237449936,0.3773295357931344,-2.151158599157836,4.391852910505523
2.6546580076969604,0.3575507006714069,-1.4036637090528263,4.21474267417082
2.1310373510660394,0.3614407733232589,-2.0069633245103677,5.940783355504323
0.6870948183397196,0.3751603567036359,-2.1789327872977147,5.9786996581736
4.267194219884174,0.3560751928346322,-1.9559959754381064,5.690872744841042
5.058981541323725,0.3937161902186979,-1.6000552981183236,6.616243467624647
3.5061842770206786,0.3915657886080222,-1.9840237220604369,6.303645693878076
1.7674121806040393,0.3507986791633378,-2.534263687509144,5.761562350463273
1.1866055608148902,0.3703940458291086,-2.045230823007501,5.949455291938205
1.8033390708347667,0.3659033266359023,-2.293436239235908,5.700191792342521
1.6735687526755048,0.469771803229283,-1.715086937356838,7.691040773602108
2.0982460760227504,0.4205028120122587,-2.2768493198176745,6.944883945411897
2.5758108126450576,0.4077804635652527,-2.5560915695431548,6.768234017911512
2.189473671324418,0.4597745654723502,-2.3762412100345305,8.001111864857549
1.1057805755241907,0.4032212672480948,-3.023245357439612,6.640890606249478
2.249718981227199,0.3597792629904137,-2.578701881021801,5.841470216223508
3.876587497168711,0.4991494686900554,-2.379760430301179,8.082797790704989
2.5480074659312764,0.4300061910371934,-2.428429739330089,7.199483685144333
2.9506736490620264,0.4378560767801691,-1.9532550703266875,7.316327318532977
3.441451535533112,0.3755312095225674,-1.5842136578975317,5.771646051196115
0.8797851703549664,0.4536197969665356,-3.188005304091044,7.800848700914868
1.0567375013456113,0.4197701533421703,-2.725465605536114,7.065985780266958
2.0181741521352645,0.3463962216246207,-1.8777674433056504,3.820889583286744
1.611593206856754,0.4491706646811614,-2.601297829442221,7.446752062078062
2.4275231239570068,0.318598191808807,-2.1388084631822437,5.108760683874248
1.4809936383805302,0.3889047056334581,-2.042619998423419,6.40088740031084
1.284465687363206,0.446508450546193,-2.8103299444787115,7.778393683136271
2.2362924944670137,0.4118903925999585,-2.0965356300387,6.567858707126557
0.6873349963350417,0.3722574458052289,-1.7799857384515891,5.528909744316267
1.8078708796782903,0.4202079223558607,-2.802499490916473,7.323840364042653
3.4343872008342777,0.4665445426057868,-1.887586601475399,7.69869475249365
4.396317250393129,0.3512264676155274,-2.188663555995503,5.3655057275418185
1.7376710666899196,0.4351507889029158,-2.323363709718663,7.068128395160071
2.130336401130188,0.4612962046943539,-1.5796907973803846,6.46970601875907
5.672935826103692,0.3687666882318319,-1.595485135591236,5.047583460979893
3.046141817505605,0.3483390943841338,-2.426046580305309,3.887418965101872
2.6530667489488136,0.291897203776284,-1.948650071840196,4.23322535633487
1.1826360229736606,0.4271920629262813,-2.9295851112027185,7.311267644644436
1.2445850060604784,0.3993155223237847,-2.88428003444851,6.405864920518121
3.662181555094292,0.4415507369039491,-2.299650959611724,7.371499290044209
3.7004589289845375,0.3490638199773748,-2.0300602307798137,4.101945773225995
1.7025752559463163,0.3266717522835798,-1.5661258620255432,5.016178070256004
1.5542991437183464,0.3698822018338468,-0.8056713052012223,5.699092215479836
4.123688026737474,0.4207004177446397,-2.57666538167508,6.907610927096571
4.751898227535147,0.4075990092513162,-1.540320891050538,5.757779695735966
3.353224534825652,0.3855301261428212,-2.11674105313175,6.1470293707653365
1.6794993199897983,0.4549707811829825,-2.4775991562500352,8.044477838695792
3.8033157121852046,0.4140274874320516,-2.14457476296747,6.749530696402074
2.544214979832459,0.4200922752854051,-2.4531746525531566,7.020573859148802
0.3784869309848089,0.4580597019869341,-3.196002694330031,8.207273545900023
1.078312165773091,0.3881227813706315,-2.6713912781411286,6.5758095148874425
1.7869244954372494,0.4284426759378708,-2.8446684936845505,6.810754736207529
0.6512357664633,0.3876609843588887,-2.1455551217599518,6.166687819316026
2.477631878637264,0.4538257013098155,-2.432147948312514,7.931731822699996
4.558511200275191,0.3229552687889953,-2.08012010803689,4.255687820691373
2.628874880016845,0.4709233293448446,-2.2639022423312176,8.002313246093193
1.523399369799641,0.3635480351431354,-2.808710688278008,5.803918175323509
1.488691422659742,0.4037780064813372,-2.852608530236485,6.502151000023616
1.4417373403365028,0.407453543987592,-2.1201020826661963,6.763026653561152
2.989445574893965,0.4185031135266854,-2.4641434343379367,6.6119069736655165
2.130228539737421,0.3548615012320689,-2.4465454113605407,5.808560409913043
0.7973066152368702,0.4106361859934709,-2.0590952884857057,6.584714139643466
2.3897248634146315,0.450446773692843,-2.826978330333625,7.672409711478284
2.3365983805816013,0.3749929285240133,-1.8791449911628504,4.333664799142824
3.6205787498476223,0.4064229170246516,-1.914869193622385,6.802370785831726
1.522328032788057,0.4239128841183489,-2.475569530476634,7.2114647463479296
1.7132899780574968,0.3434653646600467,-2.551122049942559,5.732852689891469
2.2653190390804814,0.3780109369568863,-2.4185653978862622,5.9558614950005015
4.250059190029828,0.3841125363120681,-1.7325794669974814,6.030519346652538
1.399308624996647,0.4188911896679692,-2.7848556441169467,7.2205377809793
4.923064654712654,0.3516617445761234,-1.5801074492512774,4.795746746399886
1.9911532528410116,0.3625086711754167,-1.8241885305554015,4.226370919271181
2.895149228527232,0.4254423106975444,-2.094189277890405,7.058269332860752
2.450791122780645,0.3719104020961383,-1.8826259263652032,6.095365253494369
2.455966133465035,0.4214681775629708,-2.1868059728059124,6.925774440657556
4.645932014115572,0.4370447887718135,-2.345210050622959,7.137034269574423
1.3600255256332745,0.435006798124521,-2.7363677826417927,7.518485912352141
4.945009606804446,0.3594977128570708,-2.24404623820014,5.006661205791424
3.01038766456158,0.4066030413380021,-1.8382491022831515,6.726386180669137
2.8502547520430173,0.3758003870692145,-1.6132806444601338,5.394930397492274
1.6508977790872583,0.4546484493046505,-2.4862020614891884,6.544812169052932
2.1835022657980057,0.3570692577480364,-2.2824434245809724,5.449460101659038
0.3225734936738162,0.363711095437825,-1.3521809898003851,5.523185256500151
1.0068239012276954,0.4079726233342313,-3.2116342347900035,6.652725631786345
1.9017733977560047,0.3543838025629016,-2.107951452772113,5.7591067724486855
2.7088080852062046,0.3295350842416132,-1.8931234741941827,4.522299028487192
4.045872264952403,0.4109876185810041,-2.3938898363079777,5.99146010200861
2.2749999420507043,0.4194317725431178,-2.5355934652635974,6.701737387249215
3.0939142148893968,0.3484015414311481,-2.1947356127702453,5.530830271918287
3.106850424399032,0.363200948212113,-2.6202279460016404,5.833083335481399
4.758354880094162,0.3412447205989392,-1.897750497679053,5.259150668084805
0.7190217905986835,0.3934864588593482,-2.6833890880520554,6.63809903588174
4.19675908017787,0.3219514974646291,-1.8329313709072956,3.9935364235638193
0.8695462710735913,0.3934367462283442,-2.653607545501789,6.651893545655048
3.9479903474204057,0.3688523713893631,-2.136309857689452,5.59769178489802
3.1678596116677302,0.3531764781683434,-2.642244272345044,5.556939559905092
0.5979361337861673,0.4076841268189975,-3.0131164203776795,6.929377481167758
3.874118753681694,0.423179580824021,-2.306095131690448,7.344318315386973
1.8632938607981733,0.4394667828195052,-1.9763539228767515,6.128002907420872
1.446271057879327,0.4115056470172454,-3.0375523430753955,6.778249527296671
0.5124951182953064,0.3977292490250192,-2.9862969691082317,6.892339650604657
2.99845240877682,0.3709151393177681,-1.749540933030688,6.071581064653017
1.45727765192522,0.4105870846440733,-3.031070834436221,6.673661720046427
1.1880519572390371,0.3960024775886737,-2.8275655650778653,6.523360026048924
2.2877616248680432,0.4689762183661939,-2.243507069196208,7.640011581599735
1.5121832164763729,0.4232706358502145,-2.4473571458785224,6.394822024706097
4.137281624097882,0.3989287681561568,-1.804780959333145,6.613145622265591
3.808535368539173,0.3635723110498393,-1.882054976323343,5.741065196600925
3.0394203726832054,0.3655835287976842,-1.8696246732954864,5.188028195646838
2.022716458824941,0.4561727411183524,-1.6188266080339528,7.028353050868851
0.3783517314510183,0.4929632889540586,-2.4954645341294497,9.128259544342592
1.470100930059571,0.4464302805953148,-2.942930979124023,7.598953909013034
3.6955849062622494,0.3964428710998064,-2.316226113578852,5.980418188731171
3.7648345846446234,0.4187821197406159,-2.416150987507519,7.009278779459978
1.9330395624112828,0.4145616092458575,-2.5168965821042337,6.931318280009635
1.9452685193009185,0.3660587922197246,-1.5487465122982678,6.011748557768266
1.392427127784981,0.3955620248017489,-2.7493816003079,6.633550624726342
1.6158901661571694,0.3997974462455101,-2.3971243576022965,5.975119491758034
2.611540450732442,0.2899465263708064,-1.8897887564027656,2.716754035927405
5.125998041524428,0.4188599982521828,-2.350314676589448,6.922719964719828
1.8267800455325196,0.4861491513554813,-2.790805941329904,8.862239098394053
4.13975959296485,0.4504763473734691,-1.881058998012996,6.477869674538461
2.134753151193999,0.4163357435837594,-2.514529830964152,6.75129815545823
0.971158741388559,0.4073581642983973,-3.0069557770392685,6.550189218849856
1.4052394308983536,0.4283967223800181,-2.324395638788388,7.667830066065554
2.4228903777262523,0.4131000781469033,-2.5939159319711216,7.067630646586832
4.911015354144686,0.4101620994428868,-2.3665279393849508,6.6392652182468135
4.263610477889072,0.4112943893289882,-2.2321513655928764,6.87351263316221
1.0926853077395076,0.3987935359935061,-2.6892746406389056,6.702023942599039
3.8492033883033865,0.3753525102980528,-1.8545896555264985,5.856099035759017
2.933218832545697,0.3458760123331938,-2.290194696549488,4.026849241428597
1.942771344147237,0.3695305333780573,-2.075786997561702,5.938465521943563
1.546981985891324,0.3909749577480764,-2.777624300074361,6.349546072584537
1.0286506730211258,0.3393585154967073,-2.331521273925165,4.992288620933198
2.6025513717295388,0.35956351392599,-2.727678649780352,4.310367352763615
3.2059822218563547,0.4282038241334625,-2.924448950562936,6.903943004828866
1.7825770351345065,0.4626009883704809,-2.701301373757994,7.931249174131958
2.490261294557759,0.4075935003073846,-2.1751618008513343,6.631336095196592
1.3830228072727813,0.3812524274752319,-2.6062685315930656,5.963129803211284
3.044273200890344,0.3662425792830641,-1.8194677406904096,4.676808900874523
3.0512567737500227,0.3497144557700962,-2.088863958483788,5.280885298400706
0.2563067941816888,0.3273427196730035,-2.1164804855754293,4.969575041421724
4.210264082079076,0.3163775329287515,-1.866036421658081,3.2905889842264204
1.0024520254797324,0.4054722679242494,-3.0542357127084934,6.723015638869139
1.1844288483208614,0.3599831865343065,-2.8047951165864,5.766592375939777
1.876126483606184,0.4022711096428024,-2.2375163373875147,6.1084636127354175
3.429280237268181,0.3884616342149244,-2.208719706756142,6.24474115966592
0.9329443545752318,0.3834247475642574,-2.738487602508106,6.229606162444682
1.3021237008259094,0.4097212419134438,-2.712071499419255,6.548425207283471
1.3299161122832814,0.3795340852417649,-2.497344764388122,6.083432702781223
1.1589067551523835,0.3586724357617713,-2.280962211104656,4.7546529441203775
3.1951765979409843,0.3487647538474559,-2.08989527780104,5.446341157662578
2.6743116656898347,0.3651568443571231,-2.495544504090005,4.1802617088718
0.7618959486378101,0.3408373971139843,-2.5054888647673152,5.334166528621545
0.8041039706210367,0.392046969710682,-2.4322208352898103,5.847459005842972
3.544810863353792,0.378880351053992,-1.7937156395660985,6.34416286901837
2.8859776898005647,0.37549052904039,-2.2869613454871858,6.111417620202474
2.8483641853857997,0.4389546547944061,-2.490787079803773,7.402913920040687
4.413932477179845,0.3907985579303317,-2.1384128015782617,6.396217740940171
1.0567309799563342,0.4538353336260374,-1.8450752996833035,7.535053996596579
1.870134639091428,0.4184906236233177,-2.5107183236944124,6.670436317565818
3.949831446954084,0.4829454331007614,-2.3370249613276,7.7555987428661854
3.918891908466616,0.3396774686548875,-2.3671413134169765,5.748889136738212
1.1976465909773313,0.4222567036671464,-2.4394760027926106,6.755063227987701
2.82538209381156,0.3597720288739486,-2.138877359052451,4.136467832603094
2.1994423504787712,0.4710624298703883,-2.429254395673183,8.238090381170087
2.197611768673531,0.4337125902376408,-2.2871869292653213,7.192374202787333
4.253673471213738,0.4222789345590218,-1.8525011978782333,6.030007829667023
2.6619990441475245,0.3609141276687361,-2.0801619653883945,5.700125324739722
2.5750059976556003,0.3732905796402117,-2.424851871962054,4.542997481277309
3.3205658149723307,0.3507529059026862,-1.920246594512864,4.071654335397138
1.6170431000638532,0.4058199315593327,-2.4675527020679366,6.767578650105912
1.7571792460079785,0.4432572079251288,-2.6400143521233006,6.753354927856027
1.6940246807254358,0.4297609744946045,-1.6991584289657076,5.969195273621994
6.539400371445072,0.3420090424213264,-1.8066200220612916,5.376655461061866
2.080804699930662,0.3287940479262364,-1.905822363947233,4.784741531651068
2.6363927495046933,0.3586005663336322,-2.122113625275381,5.803170294129885
3.3567573781727376,0.352872931776469,-1.9430899915727853,3.8414502743855854
1.3994816008707618,0.4053722066823884,-2.512838488471216,6.579671530829295
2.024206954155845,0.4718280162430077,-2.7553285962347465,8.53374379440109
4.542982181824002,0.3165204616825372,-1.9134675759403343,3.617952132578357
1.665479923627088,0.4044304847632642,-2.703853662104774,6.963099791867617
1.3166039685405708,0.3435239538409229,-1.833151916528643,4.854636352981331
1.5956909581631655,0.4395743041667889,-2.761797195367041,7.443773568814901
2.3687085581499936,0.3375821731355484,-1.839506301016102,3.737433854090104
3.343808364471961,0.4087701161368798,-1.368124920617673,6.89946947315131
1.3370428773550718,0.4098172662268779,-2.63740409417788,6.708629401951416
4.007591232721831,0.3468832809292961,-1.740156559168976,4.051925454630413
1.914073453694587,0.4313183940666358,-2.4252229710119155,7.068012766353128
1.56002897948953,0.3613282135336437,-2.5124185353142128,5.992341961273487
6.073158575895443,0.37017294465462,-1.649215882866101,5.857860461708072
1.969890660749176,0.4450537781503538,-2.62388163208613,7.730648845689604
3.808905656203484,0.3929625519316588,-2.2646252732623293,5.672872573345439
0.4884741375975918,0.360236726386041,-2.485236188937252,5.949757214473686
3.197323089362754,0.3706489095068674,-1.273202597628054,6.056089899722081
2.151887266463264,0.4335398309414631,-2.664546775848588,7.324674794466995
3.6858036176381863,0.4121794954571494,-2.3204370148767945,6.6905307011981385
2.624488410672146,0.3761770600299863,-1.7504317382783077,6.237102522103862
4.037925236356191,0.3664098950856641,-1.3545180047290095,5.596362088093074
1.791919004802887,0.4583356801958163,-2.521606359470036,6.540162815397019
2.199119223593012,0.5122119366926832,-1.978410673396478,9.23073466091094
1.294497651828744,0.4126593428737816,-2.9662713182894183,6.62176882843155
1.2320459650636375,0.3850659479113662,-2.5482706995652213,6.361261849450201
3.977007189479096,0.3948674082236317,-2.625719758628663,6.423783627830418
1.8663550168306051,0.4047128449990997,-2.745178865997611,6.641803467066128
4.124835155017118,0.3293545696959645,-1.9835616898237567,4.825683092782258
1.7145603765003037,0.4384995451416915,-2.8990390991897157,7.444729212979618
0.7860416310231619,0.4049327384293235,-2.508458765807066,6.518758178802065
3.1418030031659545,0.3974746971626253,-2.3989318240659903,6.677695007280137
4.537897884062101,0.4000208134841355,-2.1469820410900278,6.086648473837282
2.278731011773069,0.4410776321086723,-2.490350472397436,7.541171360347079
2.0461501566066103,0.4945591118299194,-2.065076664597381,8.553602990281185
4.0423760050085775,0.4101534760500435,-2.331914404132521,6.7922650211643445
1.333123920045307,0.426725337688133,-2.574604984958754,7.1744933833876265
2.317258703623671,0.4094321328816912,-2.206135852940488,6.8861584393435855
2.991901792541821,0.3337954231290371,-1.7949463294643115,3.982943114892924
0.7063766577323856,0.4036797543860487,-2.9185263940078925,6.86686146009546
2.6012465968170377,0.3613679579522703,-1.8644751104195545,5.422906156441479
2.3726580844719938,0.3457157256516112,-2.0826205366279806,3.827725679704848
6.591506589884521,0.3936976097276882,-1.5801099128976288,6.038215113429475
1.271039737424699,0.3972632758484836,-2.417706238176022,6.574215016393133
2.7138138877093705,0.3696004837524261,-1.720266655264107,6.164703073598283
2.228584550340483,0.5097353447007857,-2.078235664942957,9.13429403043898
1.247590094050956,0.3898060746309021,-2.485827069878092,6.125255115863872
2.0259139277990887,0.4462898562437468,-2.5247461535621567,7.768379552747021
1.389318174740897,0.4011242910130662,-2.6107497072139525,6.645338798877212
4.621990721613656,0.3935315226628627,-1.6226653632323351,6.479204232303985
4.570235067612412,0.4387442504305732,-1.903554749936318,6.376778104565291
6.714708994221373,0.3651658246396316,-1.80162660509109,5.562133754844525
3.3138110076767395,0.3522990927121079,-2.6205133101584845,5.579442015142947
2.092151400333176,0.4162767913386563,-1.945795543359066,6.704778693776016
0.7914314797314306,0.4516889522531765,-3.0236061338112625,6.835835086397071
2.187890822782564,0.4708972529359545,-2.29518534807666,7.6980601385764755
3.536893260538464,0.337112931146059,-2.38626879268558,3.7078014384060056
2.8440156912042687,0.3591457801300414,-1.83760480948942,5.9567513438229245
3.346994699366856,0.3645513890671319,-1.6610687810986575,5.81236285323164
1.6134134697564004,0.3404261515474497,-2.421279178251355,4.148475301578342
2.543109107292905,0.3874878095147098,-2.529175001334547,5.816865102498994
4.170858666902191,0.3841041981839744,-2.2756687158497786,6.221001951947365
2.434217628284071,0.4204036312628934,-2.199398045012296,6.984642603852621
1.89499719712242,0.4007350534367302,-2.720707072609024,6.551036336036558
1.770855553671411,0.443337600718212,-2.5182122924380224,7.746054436383023
1.0156842424392316,0.4201320962685965,-3.03815160041383,6.738385099869751
2.4515751707240665,0.3617090753170597,-1.7471574537318828,5.312639781938878
1.7823758264165708,0.4057802501212353,-2.461047209831535,7.10641931930539
3.152390240069684,0.4065748408798938,-1.8947022280488748,6.846941588395382
1.7798114093771131,0.4384201699163733,-2.0998794386851523,7.291661908212356
0.8603258219273471,0.3945060784311804,-2.9972124499042057,6.380004024169367
5.473606222629677,0.3471439659838075,-1.7958369376202232,4.756006152805566
2.8759378121858434,0.3674206955310477,-2.504156943640537,4.074965994071835
2.8844309276048627,0.4446071844531094,-2.2586287767136466,7.3732015225938845
3.873173470353086,0.3474451858008406,-1.9292873143450653,3.6276266162752986
1.9708967043388528,0.3923967169516044,-2.5836134802966835,6.459807620601457
1.6934890519842123,0.3972688144303112,-1.933782705205398,6.439042527834051
2.84063228310659,0.3882658888779779,-2.252882013643984,6.259283774719687
1.2096550930977503,0.3882173355209294,-2.7435948399397274,6.213346378591803
3.989320685841919,0.3866008605886151,-2.4456646577900334,6.317044483537939
1.3021968676324314,0.4073043801614211,-2.6447592118131427,6.513561260345712
2.250479259899643,0.431274416368521,-2.3097399732845374,7.541546860933012
4.730514592096,0.3321833636257806,-1.825942646757363,3.4565566578198
3.747977747713335,0.3509648884844846,-2.346998774897037,3.984412848732396
4.816372817442312,0.371683857428072,-1.8211625322882368,5.455765146752708
0.845405837611316,0.3867472674729956,-2.141918484108211,6.407963442017054
3.075926036212263,0.3805034568480954,-2.0038617662096154,4.515768517562451
1.3329787793693262,0.3149163550147255,-1.5286900659000668,4.6275401350491725
3.621160107842922,0.3561150607444924,-1.779096214300072,3.9339974478089768
1.7125789875680333,0.3565555885523417,-2.166149696271501,5.811778900176661
1.6230730788000516,0.3588858088548602,-2.150010798641105,5.825061578381012
1.0328520382982376,0.4002862276354382,-2.6547703619430303,6.281534356354821
3.829986603745215,0.3682573980352812,-2.1708279081684303,6.113476926505253
0.9306825459040526,0.4706396107054394,-2.376419676576202,8.32884899689992
4.207430936083925,0.4046297045260686,-1.757655247925497,6.648641356178912
1.321325613435364,0.4784441875148019,-2.295138175408153,8.146563802618711
2.8223839248560467,0.4274564749462233,-2.4531931175825576,6.993654617915032
0.9992414341978932,0.4500245868030102,-3.139409091449369,7.850626729929294
4.43349664501072,0.3975829353765202,-2.216914139430288,6.564026856720207
3.9692588246684175,0.4035151652698869,-1.9485009226901024,5.876382945141536
3.556784929357663,0.3892741037256577,-2.1440078656238577,6.135086326755197
3.948544824567222,0.4152466892134588,-2.114600587909014,6.151355229218522
0.4733798254121086,0.4140183021540953,-3.2331515249285347,7.286090351042513
3.167115139411369,0.3411300219411579,-1.767069037724641,4.868590274681682
0.4327264390091989,0.4171545497384174,-2.7467162305936053,7.34947120939894
4.321914402015758,0.403095141946467,-2.559610469535777,6.542804971558051
1.6578177684014868,0.3367424525055653,-1.6763769926115155,5.456855725667088
2.029172117269736,0.5246219264133839,-2.0091075591120204,9.573320820897989
4.7995199569679,0.4169229295806496,-1.977962881035708,6.788058187295527
4.321709534957496,0.3020963743984237,-2.03568084283807,2.8009086402505647
1.4904657972470376,0.3085190941829356,-2.219433328688342,4.40928038500025
3.68286628847288,0.3919937480762748,-2.4969569371795366,5.878298025709717
1.8002515906578145,0.3430990254457038,-2.3688859815351813,5.600249753358828
2.190879826004977,0.386258587345879,-1.9717261110250488,5.922161575746709
3.9899726657113392,0.3282665724106237,-2.0495135642330413,5.068120709148286
4.692295592592696,0.3486504306030247,-1.530602742381183,5.472622268539605
1.78890747495227,0.4214788570848538,-2.3055910203740924,6.153938519491703
2.4318110243916014,0.407837179384115,-2.321813059909721,7.099120087111356
2.5281441691318887,0.3994981269585623,-2.284801272719053,6.772242000570298
3.456492404138179,0.3785953888578642,-2.413084425303184,5.170060223705704
2.006225058280576,0.3747003543282455,-2.073942736539755,4.346961353493507
1.5075477016375178,0.4053372228508177,-2.4839119543870884,7.0424710041325405
1.3584254789154313,0.4035335518796598,-2.5648541929752477,6.405184454986982
1.4578710983494232,0.4090953093070946,-2.4861178294204453,6.609028285231247
1.2922348092787768,0.3952397728839907,-1.9979821756469347,6.217176488015818
1.1092206878969235,0.4526338380177059,-2.894725352974847,7.760615943680738
0.774974197187063,0.3889201741453807,-1.9289033057883245,6.28688430888214
1.5815773197724892,0.3931564899744014,-2.471393526729254,6.297767430780693
1.9680430398262208,0.4484015316403126,-2.168216640128005,7.651992160154764
4.4541398641795205,0.389006224689332,-2.649428979562204,6.312526737804061
0.8691721660106788,0.3981847026008194,-2.436633804861468,6.31630466947038
4.572803699696159,0.3309023693008973,-1.8753741833308308,5.194161348900492
2.7393147465981293,0.3728807653370747,-2.6321689935006383,5.899985408178297
2.15985727898022,0.4548237673391888,-2.3240993668373244,7.791997615674999
3.4952088583966945,0.3494092298974446,-2.249287966086065,3.992769288139821
3.597793174772204,0.4478889590467725,-2.027492322915167,7.407441163608886
4.821756144761303,0.3684314564592366,-2.223635059062743,5.841298755319713
2.18736068155183,0.4054547852703066,-2.196807465442104,6.714410014901016
3.431182812825165,0.3229443768621905,-1.7268370522636278,4.46163548156882
3.761715690458349,0.4213650574432531,-1.8215024169388307,5.916282709338616
2.225591809248606,0.373299629077811,-1.667652186150912,4.281655003149789
1.4115790165669326,0.3873925060813519,-2.2434865593403357,6.09118312950849
2.6727559763484456,0.404048192951363,-1.7572776694857322,6.695669874200815
2.8616526692100965,0.3148323513379714,-1.8854127045716789,5.149935777962574
4.462617829297841,0.3634203970738958,-1.5749692684214875,5.27267386041308
0.8543496844172522,0.4076574070207803,-2.764672566296301,6.444508936565858
2.6031808647353247,0.4095619481013794,-1.847693071750096,6.81097971939003
4.2762010537670285,0.3761519703160528,-1.8717469568081515,4.314233643592783
2.7840577996044984,0.3625999361367073,-2.294481542825761,4.193347828446818
1.1019237304708325,0.4272461841943253,-3.2377835742519614,6.847350184883124
1.949038439006963,0.4822017096161411,-1.970174013823875,8.334451305678527
1.2768324807436635,0.4044121438452477,-2.7868042898347887,6.604782012079442
3.97134646452842,0.3771341022715527,-2.1584853725418305,6.0912724625872
3.5631681765227423,0.3947461571209947,-2.1186732416919667,5.60225057299763
2.5592476967009303,0.3174974897453518,-2.1959870588889663,4.914553035715561
4.271322577413039,0.3690073405384263,-1.9239407829433648,4.564068538761954
2.874750362633474,0.3179187628000559,-1.990111860286736,3.739056932274621
1.318213320167504,0.3955480153387514,-2.772677643111903,6.638686212339656
4.1921190321781765,0.4536402668734196,-2.588614436024719,7.506995566842649
4.089583228576556,0.4037759231842261,-2.054832699887317,5.876303825251276
3.3337356015588737,0.3975096346849834,-1.6022640556179113,6.324527794448334
4.596038932515137,0.356805957149197,-1.7409567022308765,5.672835995478962
2.323053594229349,0.3522745624134626,-1.818537960557516,4.054758188026025
3.390730396552778,0.3415438756425463,-1.765969807995721,3.999836917970992
1.796689957762945,0.3861931159985535,-2.1739787886691304,6.03457056083306
4.636431145230418,0.391551890287135,-2.239795302648992,6.190823695207713
2.095079702941374,0.4131961148094609,-2.520710651566178,6.822819778261964
1.935986594131368,0.3462862650302101,-2.0126691540959074,4.022294142143041
1.995800180111101,0.4041723102855322,-2.0078554601270167,5.82698289890568
3.2909767607691567,0.3323056989814487,-2.174955439673853,5.092069317395575
1.6921537577651864,0.45631505241597,-2.0246932511133995,7.6741695860569425
5.5876389174100245,0.4532758491826718,-2.2972887046262334,7.468976649640317
2.7194877150854526,0.3647570612468927,-1.8306699899216488,6.112652545513595
4.002210609393515,0.3295369909462602,-1.7901210809940342,3.5813690259161435
2.000116584285641,0.408597154315079,-2.398870762591179,6.684323495864189
3.316238396012244,0.4130240742322628,-2.147969766185098,6.425393364229518
2.3267830733689627,0.3539747798385721,-2.3102045369178428,5.6431991325330575
2.0702763941178377,0.3581934527837744,-2.1853296450482658,5.413457414374788
2.077647393170964,0.3500911830670108,-1.8176013807606937,5.673888100407489
1.1451370007523607,0.3760234715129149,-2.4901382785372186,4.9841797112913815
0.5609480862734584,0.4016913572007196,-2.77198259920334,6.515914585813672
0.4972866022683386,0.3677609682157992,-1.9515791502599087,5.746384018295604
3.265338236943344,0.3587260754140042,-2.5051963806725164,4.348550784177853
3.13452155392168,0.4004625354522139,-2.4649022620505296,6.637360445673051
3.61618341300409,0.384964666576117,-2.241784598531626,5.056912230402528
2.341443216110419,0.4683861525537358,-2.288823215421427,8.108615352107313
1.8779090099300757,0.3907733052079698,-2.252422044903596,6.489073637072618
1.3926284955611912,0.3731595529715218,-2.4050106620273137,5.8566616488523096
1.6283736162868812,0.4202741284760262,-2.765013978407632,7.338054778070154
0.6132391304285132,0.3470534469095678,-2.6783610322141578,5.054479267920843
1.1527034028963832,0.3504694465948715,-2.520597594835128,5.523814251008998
1.1500890415585605,0.387714552077478,-2.255431173208017,6.076359483707259
2.4555449819467063,0.4046384625243565,-2.542005548348598,6.794605590920148
0.4232389310191493,0.4740476328570515,-3.1589060930341697,8.453514088233216
0.8799769946346738,0.3402554916022435,-2.392388933677979,4.91760296096679
1.6313041854754986,0.4709825261025902,-2.556312361529137,8.384722463629899
2.9012439042168063,0.4294494332802658,-2.1801368574971045,5.725689081945053
2.228346619043296,0.3426699971415287,-2.251537540431519,5.668180298441868
1.5169191766159198,0.4179411790172448,-2.9016657896562985,7.10772977911741
1.5696955075681456,0.3357371795277983,-2.418324157635565,5.5265897905492976
2.6139044145807704,0.408000421210918,-2.2254158996684974,6.713208495765782
2.2251084112684514,0.4065255011924154,-2.2868300454549053,6.755564837749484
1.649722020318105,0.4134376834210088,-2.5151832392493825,7.147063913667646
3.543302672789789,0.3944814095136254,-2.487813212293397,6.023865484543766
2.2330269087865764,0.4949001353413713,-2.323230026108538,8.979801533400098
2.597117145762532,0.3367106609223835,-2.094609649867288,5.248999465502232
1.7688456933079073,0.3972361386498968,-2.715096216590317,6.674155469531531
2.851853804646641,0.3770675343220727,-1.9862965097286889,5.39104652446527
4.154965564059418,0.4055657458484464,-2.200149777423398,6.556312788081944
3.3160331313082945,0.4038510293175983,-0.8987032230727392,5.656340480894218
1.7916293596840251,0.4508464901178073,-2.201728358822846,6.50923204059
2.6121018667965075,0.3814914978591238,-2.0888976611658703,5.9262360432457415
1.3004061895719434,0.430535378141304,-1.8476367281580468,6.787006013417203
2.5366946051767787,0.3786859832617564,-2.308393590553678,4.5463669198805805
1.7307925915854785,0.3988703426011651,-2.810916341583193,6.601749875875434
3.210953826830385,0.3614237710502149,-2.663086178472893,4.202486985932009
2.929398769718443,0.4086113953241394,-2.925606716529157,6.787148946343138
1.184623694707795,0.4255125204035037,-2.150228892934333,5.890176937791378
1.5199581440189829,0.4093623084683807,-2.569267815413188,6.789885218974939
1.3672019964160171,0.421818596287476,-2.6731525881904354,6.8563008336276
2.284645176202748,0.4053870355097209,-2.0869938907663133,6.779792968467461
4.331154097213283,0.3955046097137762,-2.300157725507024,5.563063611785748
3.750674739825045,0.3916350468140265,-1.9641681860221651,6.42926203382663
4.441147507098793,0.3394381871009862,-2.2580647371998013,4.051472454474411
2.3361691817086694,0.4010305278241194,-2.318826757144388,6.751333319853901
2.38882159135292,0.4129553735891783,-2.6872626299369147,6.748668548159966
2.346440767465567,0.4578850755033041,-2.744293283680256,7.690189519427679
1.923581599495824,0.3549979195280185,-2.864385942344845,5.60880842251626
1.6818807404838136,0.3520661882455105,-2.252927461760045,5.315148106546973
2.1482684521185145,0.3930869573091304,-1.5898136245993664,5.400141829880566
1.7151651160620351,0.4029746638989525,-2.7021149683289707,6.8276748091576565
2.2684499024019527,0.3908989464239618,-2.354836366874578,6.306067400305658
3.189799712482132,0.3433350764689338,-1.8780151136733232,4.7543415668441975
1.8314399360520253,0.4454695187977919,-2.529274754375302,7.677719397325069
2.670460904615497,0.3782171240950912,-2.087102944072043,5.408561703099789
2.7446975370954427,0.381966962571875,-2.0757992665205305,6.287361200142259
3.863277182596163,0.3247452149444492,-2.246495287446579,3.925369759906315
3.9288445028529058,0.3767062681276066,-1.7869430757470088,5.041790712866297
2.9871844422204545,0.3167564978868191,-2.292118262347476,3.400558667759268
0.1435553138068508,0.3548171728188505,-1.9445157283526124,3.997273364576754
5.028339441810598,0.3089396164109392,-2.0786204741847625,4.158979113414764
0.9013286593605364,0.4043619446587834,-3.2420880571565496,6.584679906070033
4.310220596692521,0.314046453127247,-2.0476731834540973,3.554030156227363
5.239693850878224,0.4147772249397489,-2.287791760603625,6.874529159996293
1.6367304585287534,0.4023157159112964,-2.509726040853592,6.856263049139702
1.3005281872689052,0.4000373464904919,-2.2304533650956766,6.840608273885584
1.7820713888781294,0.3505088205397972,-1.9587982007072031,5.723098362331414
1.877366859799575,0.4174952645217852,-2.2524815234856264,6.5599137945731805
1.340902903573931,0.4151229361784287,-2.758801943406338,6.680409353876989
1.4506663947228593,0.4857554613027174,-1.7883912563450943,8.280087425769782
4.490672686909042,0.4260511447076872,-2.446709034432947,6.16239095425182
3.2444860947302687,0.3960224229665429,-1.113034838502088,4.620658945464855
2.4291321872908167,0.3580841334041292,-2.0753098385364277,5.652883200251565
0.8247263531558051,0.3972009677291072,-3.0604219779689554,6.59368412880556
2.3849190717217668,0.3194269760551411,-1.873909397756339,5.317475162142872
0.8162133952169734,0.3127777437102836,-2.258149597498364,4.853265631048102
2.4021437756492423,0.4230311715292875,-2.006430240712923,6.875913740838405
0.6497515936988292,0.3404571725453338,-1.669011675480359,5.4880400633468165
3.3486985316091675,0.389220582625009,-2.676207953122105,6.361024886240743
1.6415157267335656,0.6114789323356038,-1.1303804855472803,11.765253847889795
3.871945222353167,0.3927766997861652,-2.161384178907005,6.315250254723705
1.602137828638264,0.4286529172932753,-2.1821806985099514,7.234834590012344
1.5028239094560116,0.407192713213425,-2.014612429064704,6.60704097975235
2.191625511080686,0.3877751418163387,-1.694579101674194,6.216831084015591
4.441480893243293,0.3591193801741192,-2.456126839975643,3.989564777447228
3.5709848568625526,0.3981389521860459,-2.295195991028897,6.374728227147037
3.205659413087145,0.4271266273914136,-2.4127720842187954,7.310245119178149
2.4330191689167258,0.406105579131807,-2.747143821054297,6.7074472577087
3.054020888453803,0.316511185021068,-1.6757330940012003,3.670981696045862
3.690356183586604,0.3290002535881264,-2.077348062435594,4.752139724076806
4.125134184574208,0.413403562793161,-1.3922820570943024,6.592005925259593
3.017540594719615,0.3694864544171309,-2.442439621534166,4.118308662879221
2.173322516312664,0.3885283741259473,-1.3239019758867092,6.480975621498481
2.738461975538745,0.3565893263573653,-2.510939460590885,5.573603932538853
1.9931125326730497,0.4128772357460208,-1.958436020057132,6.961160785720422
3.113063399680673,0.406551961659042,-2.367924186317956,6.410838648486653
3.5536747038473786,0.4383106282525076,-1.9276592629268885,7.1112233963022575
1.045855211341668,0.4121172040090894,-3.0628769030119423,6.675357816064309
2.861266276895437,0.3623006427829185,-1.9681045016160497,4.147297225373555
3.2682090002205437,0.3639799852498978,-2.5983629368171197,5.700541781504144
2.1941177554278406,0.3599111442184403,-2.3834551607338774,5.7120204055484125
4.332936822360018,0.3596979563622017,-2.195268129929029,4.30508786692723
1.169658935487338,0.3411531197414931,-2.142403440574187,5.389196877252956
1.4136416047486149,0.3833567576132223,-2.422002738866433,6.260301232376009
3.530876563168232,0.3816300815738548,-2.123383339331795,6.215088240036405
1.712886288155426,0.4337305458630084,-2.638525496723959,6.529462013995041
2.718921268803439,0.5084912940133506,-2.516765269753721,9.384826973337123
0.5876902359406899,0.3640486933024563,-2.243972464310157,5.673333985376484
2.195664875504661,0.3977230398857931,-2.4463123380974974,6.3707911938277535
2.299751377994291,0.361909150874113,-2.420459289063951,5.619650295199696
3.635105383049461,0.4224001881314834,-2.3511927386263163,6.967473691090771
3.270968899880035,0.3504425996006837,-2.6874729267894417,4.029337225847039
2.744438908340215,0.3950407655261082,-2.268213919083151,6.481941608132511
2.078068857835272,0.4225000011559649,-2.4737850621516277,6.696981988807925
6.006172137708725,0.3997084146231794,-2.0491726818056755,5.398307489522838
3.438278720591597,0.4020729358507467,-2.3639954464366006,6.305102982279473
3.641965566452271,0.3620887861621784,-2.316203983875503,5.817128387292859
1.04051832903899,0.3856492704850127,-2.006769928271808,6.387752050581881
5.389137371315908,0.3570468268003626,-2.178307138147745,4.567442665951314
2.9279423128583995,0.425573332426585,-2.4461527307686435,6.90958220174803
2.6232401213295717,0.3506471307214458,-1.9970038370444616,5.695706677099332
4.8165175604726045,0.3997138260090364,-1.9303263325571651,6.464048550144116
2.1664274792653337,0.3880619143939512,-1.585700369924548,6.466320618278156
4.007144438027222,0.3971530673319565,-1.845088381645428,6.651890305014662
3.2867284733009057,0.3537909754864599,-2.093462465262144,4.021587544639433
2.867929744976582,0.348783376325485,-1.900465756231957,4.039317295037344
2.235546113511352,0.3950767027100024,-1.6139782505609026,5.807768538749932
3.2190910095944165,0.3312909072993947,-2.0270596819794555,3.899176422118876
3.534230784072439,0.4095378166794187,-2.01770068367516,6.513765937813458
1.5673138484867175,0.4371199356572928,-2.063730257230058,6.553320987508266
5.19479456288119,0.4025800970584299,-1.8595460685285063,5.884335700734144
1.0188903800893694,0.416189179248056,-1.857597866267008,7.29838989135122
1.9425630175714927,0.4619615458231743,-1.9359956016308555,8.10849565526244
1.9525492527829549,0.3603019297573895,-2.2272676624935834,5.840067087886426
1.95731034412996,0.475644325111197,-2.316782374129344,8.043990363642074
3.560254547040417,0.4544110102399548,-1.8847516343462964,6.765788368667467
2.125874080870576,0.4304972959146819,-2.8174835851153848,6.837538904792042
2.92431482983766,0.3667680122536729,-2.2904151066702862,5.564522865256314
1.5358611084748088,0.4625888714106386,-2.52039417155592,7.951315495197537
2.9312612228255466,0.4088232951668114,-2.254996333419819,6.864446010861815
1.7408037989461227,0.3798582904821107,-2.323352247604015,6.199540586908218
3.08187127665243,0.4060424800510793,-2.6231519493098703,6.3927989687582665
0.969224592763978,0.3566300661153347,-2.1686540359011737,5.59977948127907
1.9114239404779785,0.3778242108021867,-2.5330164665439154,4.3465003551612345
0.9347837044678844,0.4081431869562754,-3.2519512160501285,6.625235210447201
0.5461381702837604,0.3463592631682245,-2.9766046887255624,5.7426947560662125
2.2367702061138357,0.3812554283122087,-2.3009285111430926,5.967033818197279
0.6531066098944118,0.3997569750809737,-2.2212179694685927,6.108897031149516
2.7610649914789773,0.4054809172502518,-1.870603135080277,6.47986663298872
2.79890517381797,0.3072100080722295,-1.7661718762694356,3.351267010601833
1.827872258942704,0.2904835946854464,-2.133522352707303,3.7352627629314767
1.9839391250116512,0.3746289294685475,-1.7947895430105296,6.331141907000037
2.599376429383595,0.3693901312549114,-1.7314849181966283,6.08641422552602
4.06946951440539,0.3957768087821818,-2.032919514098401,5.816550432870082
3.4925298398700653,0.3530938798218279,-1.4654339256463549,3.795556325247549
2.0987648445868183,0.4011263557864922,-2.565314599205335,6.507300549970505
1.6483973830035077,0.4949592530647273,-3.037937805183484,9.197707984697216
1.275453684086412,0.4200356125677733,-2.307436993630253,6.568994103407969
3.189897930966974,0.4046219023499288,-2.0485951291915945,6.04473596276413
0.6247648111550248,0.345773835686501,-2.441960232908943,5.345433752593014
3.238666311504546,0.4065068009149091,-2.7760439202130773,5.912290395520843
2.30375050067468,0.3622998697277961,-2.0915680567187214,6.061957724466839
3.817473012072382,0.3925568322891004,-2.105977037313439,6.293824605678593
2.911914447892092,0.3693268913941772,-2.441433271272681,5.778720541531933
4.366354329714455,0.3744061525180188,-1.697349127085482,6.211844315916997
0.8765620134693983,0.3506473085488222,-2.6574659359615893,5.735083698422328
4.037262122407517,0.3639875132754989,-2.0930903930719738,5.814786007604925
4.479554195366653,0.3958576285462053,-2.148844594686131,5.944920110524806
2.0818298305133447,0.3900587009562359,-2.0452549667417417,6.340443958376942
2.725076207696972,0.3585889655671464,-2.017940568920363,5.8537380396263154
1.4389287688448469,0.3896076896688369,-2.188180096194685,5.680435952205781
1.734408383823002,0.4073043073015933,-2.4517375706818827,6.931332138918518
2.324381691061429,0.4209528486450963,-2.478925066079717,7.3166531752661985
1.7567038208238608,0.4127840542007845,-2.519078830769084,7.284483269210536
4.818030522784859,0.4151178853869739,-2.357350129951544,6.845398974622137
1.6730907030298487,0.3432673884539649,-1.7757265866398606,3.782200060374021
1.4573435815802274,0.396066959771218,-2.5503672133370543,6.508550437387236
1.3862924091746631,0.393468456924768,-2.5787685719285247,6.477986889190699
1.9299190776422583,0.4045879052133146,-2.134828072955138,6.76397319635287
2.1227801588334843,0.4145283505868203,-2.456437407234658,6.83751160067305
0.0889192735027664,0.4782157583705106,-2.999849290593755,8.754819178296355
5.784318610021744,0.369787259303619,-1.7976232783164563,5.816836143584912
0.9619040947131794,0.3917255535391428,-2.489153386635452,6.452293058196282
2.535344339597614,0.3763566286327855,-1.881887768645496,6.195412984973078
1.290918363465344,0.4034747046021054,-2.193197435170955,6.65204964799191
1.7197319972552068,0.4322406957543617,-2.824371250491996,7.029990056912047
1.9924566558758905,0.4465701220682602,-2.122818585360508,7.710544602236536
2.221740272765177,0.3183901930542049,-2.116544355607081,4.984662428809215
4.207441115813528,0.3624508599893122,-2.191658456886601,5.743468062496903
1.7293505692638955,0.4472277227665575,-2.326490335621037,7.626669520384066
1.274301784058516,0.4192428186065638,-2.7390654753962136,6.594753678032332
2.4313086959914307,0.3646322042002342,-2.446909020925495,4.294152843070163
3.799590249267036,0.3718112015881756,-2.2011835234323067,4.501757505431481
0.3307662673049769,0.4046023178751898,-2.974661364483839,7.047274529531044
2.442699659329548,0.3618718861594574,-1.4437023968211344,5.953307025741812
2.332510801618002,0.3806753554103748,-2.4488185932122084,4.29539297409084
