0.42889594,0.36058193,-2.54067725,5.86507776
2.10155785,0.46246604,-2.46311417,8.35281639
3.24890443,0.38912831,-2.17424785,6.40926967
3.36413211,0.37069297,-1.98876000,5.33369965
2.17612586,0.50909741,-2.56858589,9.44556973
3.09858712,0.33505066,-2.28384422,4.14311793
1.56442483,0.38725792,-2.50951359,6.12372925
3.40800068,0.39191390,-2.43860598,4.55487676
2.81147381,0.37000562,-1.74507874,6.14279777
3.21493031,0.42041686,-2.22745174,6.86206608
3.20808357,0.35694986,-2.29173299,4.32557508
3.38436476,0.39728279,-2.66870925,6.34868556
1.63025677,0.41338384,-2.79492907,7.21689670
1.96337828,0.42932229,-2.66514251,5.94388799
3.42821904,0.36109611,-2.52948556,5.59371405
1.91001804,0.42527073,-2.48554369,7.22699961
3.08277750,0.35665645,-2.20554385,5.61429520
1.96446535,0.40166414,-2.33823771,6.09748059
1.74686325,0.45050429,-2.92388413,8.26476546
2.25955031,0.37489947,-2.16533537,4.20918873
2.77928750,0.35932311,-2.73371920,4.30136808
1.31136954,0.41550909,-2.34619727,6.64491966
4.21678999,0.37592357,-1.99514917,4.59534555
4.20758261,0.35458102,-1.75373049,5.16447161
0.10323345,0.48998742,-3.42564964,9.04524584
0.88948216,0.39314539,-3.02980924,6.47069055
3.40314847,0.36223858,-2.22424269,5.71055403
1.64646572,0.39839618,-2.71923671,6.56319742
2.17598165,0.37784373,-2.49868247,4.28647469
2.88410807,0.36719668,-2.13563311,6.07315876
2.01800253,0.37281709,-1.86270173,6.03077769
3.28188310,0.35642997,-2.53140790,3.97716658
0.11667285,0.48848877,-3.27661621,8.99957847
3.10304432,0.38174903,-1.51785351,5.50884665
2.61519830,0.32434413,-2.21250766,3.39233775
2.47141666,0.33114644,-2.01748839,4.35731793
1.01918105,0.41160149,-2.78082791,6.49024862
2.93795566,0.42647547,-2.64525756,7.02121152
2.64272875,0.37599399,-2.41375639,5.85817036
3.39248403,0.48932460,-1.41954899,7.51249425
3.45749936,0.33365214,-1.77532480,4.92261367
1.31936568,0.42109598,-2.31551735,6.67500225
3.94266934,0.39579882,-2.63848855,6.44743299
1.13187383,0.40862127,-2.81467962,6.54763735
1.95151881,0.34352581,-2.14557707,4.23363286
2.93218599,0.36932245,-2.33522398,5.32845343
1.49207171,0.42411071,-2.31369802,6.70173185
3.74954795,0.39010967,-2.21186953,6.12250902
1.90296929,0.38251116,-2.61242537,6.04537240
2.87254119,0.38182921,-1.88072633,4.58397425
1.67641278,0.40114842,-2.79548271,6.60150970
3.11232151,0.38954096,-2.48723593,6.07132207
2.13135175,0.38165773,-2.17694606,4.31378887
3.88356017,0.45677568,-1.56989542,7.43941903
1.70418563,0.39950830,-2.36224533,6.42701313
1.94979475,0.34980749,-2.10044507,5.89144859
1.83531306,0.36618089,-2.30831933,5.38533685
1.87777115,0.40736696,-1.99191964,7.02894649
3.28830302,0.40692665,-1.42375136,5.90736075
2.02554389,0.39088448,-2.20902523,6.61482901
2.42049592,0.35459638,-2.27129844,3.97140943
3.11612509,0.33033688,-1.76095825,3.98429327
3.44703193,0.39005210,-2.41306631,6.19532427
1.99902979,0.39404497,-2.59411274,6.71527973
3.23248955,0.36094789,-1.85161793,5.55679455
3.22221127,0.39053260,-1.94391892,5.25189005
3.08215065,0.34953499,-2.10956940,5.49482317
2.13550871,0.41435457,-2.40326764,6.71409524
1.47089650,0.40346609,-2.23621918,6.99656622
2.19310444,0.34164359,-1.86893742,5.37896735
1.79954309,0.39702918,-2.57425084,6.41446886
3.01867766,0.35125557,-2.26853671,4.00091961
1.71949618,0.41819663,-2.48851258,6.87804364
2.01477877,0.35424230,-2.17776532,5.60363564
3.16016655,0.39719326,-1.85632052,6.17776908
2.92492873,0.41061269,-2.32158931,5.84103596
1.69359421,0.41490442,-3.03298214,7.12355020
4.74271436,0.36362249,-1.99610017,5.86746434
1.60993371,0.45023053,-3.16250625,7.53179461
1.22891064,0.42496981,-3.03196172,6.71363632
3.87613998,0.32846170,-1.53686040,3.68360381
4.08041969,0.36487549,-1.93060572,5.69017039
1.53183269,0.41332351,-1.99186206,7.08934139
3.93717357,0.42367118,-2.13526025,5.75913858
1.69490515,0.35027923,-2.57349106,5.77448480
1.77168131,0.45136820,-2.39094012,7.81147281
1.45100678,0.43943526,-1.99788644,6.39893533
2.83928577,0.33560442,-1.95613982,4.88610317
2.11188223,0.36809376,-1.80517530,5.98882997
3.45080645,0.40537386,-2.45247348,5.84062717
2.70252601,0.35934732,-2.18531368,4.13247634
3.41227774,0.35199911,-2.25566541,4.85137063
2.15063334,0.39472639,-2.45311178,5.93037479
2.93001252,0.33710332,-2.50692906,3.94229533
3.07476042,0.31969094,-2.03535171,3.66446877
2.08376422,0.39323942,-2.61251337,6.24440203
1.67117383,0.40485224,-2.24005615,7.00776000
3.21188910,0.40130318,-1.02195868,6.10154623
1.98370084,0.51291338,-2.56790899,9.53151035
1.55652101,0.44792264,-2.45673461,7.65487633
2.50744709,0.43719408,-2.60641369,7.52709295
2.18063680,0.42105100,-2.47990390,6.36309982
1.68169059,0.43832588,-2.70487797,7.62739339
3.12883583,0.33537333,-2.41019015,5.43022914
0.90918645,0.38242156,-2.69525978,6.59583865
3.07695492,0.39381954,-1.68442228,6.34148412
3.46712070,0.31949953,-1.43952803,3.87999711
1.76022179,0.37291595,-2.30395620,5.85425423
2.05743801,0.40936892,-2.58024040,6.69320372
2.23720817,0.35142181,-2.02563157,4.97383709
2.43658844,0.39654800,-1.88404427,6.32337256
3.16553453,0.39474891,-1.43510837,6.33894275
2.32902859,0.37580104,-2.26129864,4.27734971
0.89897157,0.44807317,-2.75831124,6.64783155
3.77260010,0.34521417,-2.05521833,4.05756840
0.49157494,0.40936396,-2.54714745,7.10261388
3.51788353,0.37189469,-1.75866767,5.84961154
2.49970577,0.43541395,-2.61072858,7.47015456
2.39814167,0.43416049,-2.36984448,7.02676832
2.19960654,0.46200056,-2.00209359,7.49688458
3.40582045,0.39751450,-2.23844239,5.84809334
3.58200254,0.37160044,-1.45064732,5.84227007
2.10052853,0.33935593,-2.25567061,5.31457626
3.33556084,0.39850062,-2.19635086,6.48089097
1.32854819,0.38323636,-2.49164618,6.06362917
3.21487517,0.32091808,-1.78525484,3.03919347
1.72709037,0.38639296,-2.08786014,6.37997740
2.07408774,0.48448131,-2.33727404,8.79879892
3.42506833,0.40100685,-2.20141525,6.41069925
2.17002836,0.42413851,-2.13005650,6.82063917
1.91386519,0.42925477,-2.11805155,6.86838173
1.26110755,0.39053664,-2.80164976,6.37447540
0.40999573,0.41542516,-3.00772430,7.18969356
3.88599167,0.45503406,-2.53007341,7.61537429
1.75533695,0.42633397,-2.70643871,6.91877525
3.27447667,0.36971433,-1.44868418,5.94933363
4.06479516,0.40264209,-2.56658308,5.81526729
3.39357682,0.37992472,-2.41992766,6.18059359
0.83585405,0.40590967,-3.05525857,6.58388828
1.96251153,0.41068689,-2.00371727,7.05759478
2.59068793,0.36148051,-1.88985681,5.89940819
1.87460724,0.34616058,-1.93944917,5.61581569
2.69732624,0.42347105,-2.71597825,6.80399633
3.53982121,0.35830029,-2.11924286,5.20083389
1.61285905,0.45644610,-2.22425442,7.56805547
1.65065129,0.38741596,-2.59167378,6.05568752
1.78750901,0.39413380,-2.80214489,6.56202443
2.63093083,0.40904071,-1.76152961,6.11486649
2.83298405,0.38811767,-1.63786913,6.46337147
5.07705486,0.35291441,-1.94368307,5.80945804
1.76888683,0.48451092,-1.86443179,8.01458580
3.50470360,0.37804912,-1.99255280,4.13223111
1.89497938,0.36074432,-2.35877670,5.36045940
1.95338154,0.43319743,-2.57349982,7.31052316
2.74860339,0.33007175,-1.99604006,3.56940285
4.76593825,0.37596650,-2.30047895,6.20291766
1.81096481,0.41052614,-2.59604778,6.66262386
3.49323717,0.39572807,-1.61736186,5.73458001
3.29475796,0.38940066,-2.10143642,5.65851772
2.71402305,0.34813522,-2.02174856,5.09685017
2.23014025,0.35108395,-2.24364145,5.86760310
1.73985590,0.44343611,-1.98833949,6.34393052
1.63092841,0.40617649,-2.72954761,6.84119203
1.99840660,0.41846569,-2.57507880,6.69745511
2.58059784,0.36895495,-1.93793949,4.23603621
3.22140892,0.37354521,-1.79954886,6.17105459
1.27201037,0.44805206,-2.91721145,7.72433703
2.01296882,0.47672475,-2.32786103,8.27403521
1.63637043,0.42885750,-2.35037800,7.18738887
3.18767019,0.38861807,-2.21662346,5.75292945
3.72844493,0.38801832,-1.48614935,6.46891638
3.81516553,0.39964165,-2.44509231,6.68783363
3.25447788,0.34493949,-1.87926530,5.69962075
2.01245055,0.40343570,-2.58227301,6.54998263
1.81611678,0.36729733,-1.85307801,5.70204861
3.45559295,0.34361153,-2.15785667,4.35036877
1.31494207,0.41109388,-2.55796172,6.51986621
3.30615162,0.39298880,-2.41432232,5.92305450
2.61446985,0.39249010,-2.48412509,6.39550856
1.65478565,0.41444657,-2.47809508,7.16865813
1.79833760,0.36218397,-2.61189922,5.79894434
2.09266151,0.41750915,-1.88530249,7.29156414
3.30230865,0.39514568,-1.50812980,6.63033676
0.12369183,0.49268031,-3.41016723,9.07633181
2.08861139,0.32998754,-2.05248720,5.13189788
2.11543227,0.43241100,-2.16187615,6.01429667
2.91344245,0.37033986,-1.78589258,6.11091345
3.96595041,0.36879951,-1.42856373,5.94874369
2.45713630,0.43536737,-2.46622750,7.11474987
2.34852774,0.34214568,-1.95389188,4.06658723
4.24063893,0.34454544,-2.08340149,4.21838929
1.77356098,0.42612838,-3.03053613,7.22793699
2.11106444,0.50324056,-1.24775761,8.02287567
3.05197899,0.40897231,-1.52252666,6.68779243
1.88395451,0.43783690,-2.62455313,7.57140223
1.24257211,0.41916669,-2.81464460,6.73348477
2.64228530,0.37578651,-2.21962086,6.18365389
0.24253464,0.40389165,-3.00966319,7.00728586
3.09739911,0.36740881,-2.41097055,4.40503771
1.99657699,0.40348474,-2.58452813,6.55691287
1.40493029,0.37819154,-2.58474488,5.71371398
3.25536473,0.38603870,-2.06379519,5.62592483
3.49416355,0.38585307,-1.77335737,6.13540621
2.99036545,0.40263224,-2.40247388,6.45823249
1.73777534,0.36133061,-2.35833063,5.80736885
3.41341445,0.40204522,-2.86132654,6.43378534
1.55625743,0.38896513,-1.89019197,6.04322723
2.32257925,0.42279584,-2.26207228,6.85717378
2.29044887,0.36256166,-1.66144177,5.87052151
2.69157517,0.37173019,-1.69598955,4.18215179
1.76752457,0.50122650,-3.02740171,9.37235030
3.19144099,0.40655202,-1.34107751,6.30960149
3.13581059,0.36527626,-1.51911723,4.22619373
2.27164777,0.43407703,-2.37800207,6.93963621
3.95471867,0.38343195,-2.00951492,6.01026269
2.78176613,0.38755120,-2.25428995,4.69085785
2.26254404,0.33181956,-2.14546324,5.25032205
0.90352875,0.41123399,-2.55701749,6.56124495
1.66755045,0.45469316,-2.68700970,7.55363329
2.68040016,0.37577389,-1.93534134,4.18955742
1.20587149,0.37696593,-2.23015729,6.23320191
2.62781124,0.35986106,-1.93717742,4.26589310
2.73108104,0.37238984,-2.18610806,4.37806943
1.57051887,0.38030087,-2.03541333,6.09690272
3.64459267,0.40541729,-2.77962550,5.82551177
1.33855743,0.40271542,-2.59797371,6.92744873
2.00111597,0.39612404,-2.82997575,6.51365320
2.65253962,0.37961997,-2.40361657,4.28317288
2.61297055,0.38377839,-2.30760062,6.34696037
3.17559579,0.38522499,-2.28250213,6.19976190
2.71224547,0.37062308,-1.80715266,6.13880042
2.19531627,0.37187761,-2.00909297,6.10334603
3.00325421,0.37946615,-0.93986912,5.03261943
1.80475519,0.49966810,-3.02040275,9.25990206
2.47007404,0.38913502,-1.87145227,6.19494823
3.48275602,0.39119881,-1.92894633,5.70055236
3.19658585,0.37217894,-1.65399083,6.02990598
1.14966001,0.39310285,-2.82946654,6.39258285
2.61385376,0.38767385,-1.21032417,5.99440333
1.66291305,0.39814087,-2.39100140,6.09302817
1.67212841,0.41771378,-2.10446313,6.65923837
2.46804617,0.36078621,-2.26961093,4.22596547
1.62626381,0.43635174,-2.94289633,7.64336741
4.16408105,0.44194644,-2.20682970,7.38048958
1.88390078,0.41822711,-2.47900560,6.70318356
0.86449836,0.44665197,-2.76600223,6.63275189
3.81603746,0.35033338,-2.06550832,4.44910296
1.75957246,0.34923040,-2.10124133,5.09219127
2.01002919,0.41665593,-2.59814549,6.69312491
2.32003649,0.41175989,-2.61926726,6.96898363
2.92120472,0.34697498,-2.42117172,5.01443143
3.63687142,0.34330064,-2.51185525,4.02365449
1.89420531,0.35068368,-2.27356165,5.01703097
1.75906359,0.45503246,-2.39112445,7.65711055
1.95466620,0.35383536,-2.26849901,3.98469239
1.32866687,0.44135387,-2.91980842,7.59268185
1.60562823,0.39163573,-2.34070796,6.42318276
1.24861851,0.33994488,-2.49424238,5.31460221
2.95007234,0.34825664,-2.42797201,5.10656377
1.79455846,0.38965085,-2.38101001,5.93153869
2.09128838,0.41620502,-2.59839434,6.67363387
1.58298731,0.41262034,-2.46097998,7.03416052
2.52830106,0.36298333,-1.69157768,5.77602158
4.18849541,0.33993719,-2.04012531,4.36953907
2.14889661,0.37686130,-2.02986451,4.36097926
1.55986353,0.43479511,-2.68262638,6.60940187
3.79662595,0.37543369,-2.15096768,5.44998304
4.11907103,0.36385891,-1.85263269,5.88353049
2.71980662,0.45390369,-1.59907883,7.18771255
1.72439235,0.36448449,-1.63608419,6.01333817
3.52706249,0.42890697,-1.95295536,5.97003403
2.11616413,0.36762090,-1.80474174,5.98932513
2.38370048,0.43171816,-2.61685142,7.63190592
1.81574142,0.36494665,-2.27718359,5.90461573
1.92237686,0.36177061,-2.12797776,5.81897673
3.27872628,0.33736567,-1.66881916,4.12538515
3.38549345,0.38715180,-2.04802598,5.40383716
4.39622629,0.33665363,-1.52550761,4.82115024
1.73142797,0.53048421,-1.61721014,9.82833097
3.66742107,0.40083397,-2.04962844,6.69777125
2.05383215,0.34135591,-1.95004794,5.39465181
1.72198705,0.37090787,-2.55473104,5.81937412
1.92252376,0.36023519,-2.59301849,5.47987999
2.05772188,0.38001700,-2.04094262,4.40485471
1.88034797,0.39775608,-1.91682895,6.25056687
0.09632256,0.48437221,-3.42956368,9.03919503
2.00819377,0.41210865,-2.01446096,7.00755602
4.83893971,0.33024763,-2.39033602,5.18463707
2.51301586,0.33507284,-1.93476615,3.88626018
2.38976832,0.36013322,-2.24588790,5.83886553
3.19326159,0.36182551,-1.26757886,5.72149792
1.13983059,0.39907346,-2.78631664,6.83414683
2.67081163,0.40333697,-1.93012690,6.42731720
1.01628377,0.34261680,-2.28520358,5.27599255
2.28204927,0.40909900,-2.73936833,6.68354469
3.88685201,0.39026310,-2.08571360,5.92300801
2.62984106,0.41452744,-2.26520075,6.82612163
2.47903159,0.38839367,-2.18224806,6.05843667
1.72932993,0.35012453,-2.55860740,5.88683553
0.58475633,0.35630141,-2.81087947,5.76284507
1.77363783,0.40409785,-2.58254497,6.74181953
2.08694410,0.41865210,-2.35530426,6.00990248
2.14826588,0.38977867,-2.50410252,6.44881185
4.05726621,0.41794310,-2.35679527,6.75263113
1.98777157,0.36273513,-2.13428506,5.94229436
3.46900755,0.34054220,-1.87824451,5.58050578
2.11096646,0.39175227,-1.91751044,6.03034742
3.33678275,0.34736820,-1.52216702,5.37219408
4.83583894,0.37192945,-2.16503099,6.29287901
2.70618686,0.33984794,-1.93908079,4.09360775
3.36522562,0.41120078,-2.21013228,6.71695380
3.50509096,0.34474590,-1.83292658,4.91369465
2.68061761,0.35730609,-2.18450533,5.49362845
3.20469878,0.29797066,-1.87609580,3.32108335
1.02119196,0.42790940,-3.02209401,7.30496822
1.15496507,0.37896899,-2.52145831,6.22802404
2.55810940,0.38153508,-2.33387709,5.03653023
3.16234850,0.33834535,-1.64407486,3.73731841
2.83490377,0.38301859,-1.84048888,5.66773731
3.02702466,0.42425697,-2.95676460,6.90076653
1.89332771,0.36709218,-2.34484784,5.20721764
2.10870074,0.37058215,-2.04896440,5.86169353
5.18343729,0.35056451,-2.00600043,6.14593212
2.91036748,0.37800192,-2.95253341,4.31118724
2.27286271,0.40429871,-2.28849136,6.71097501
0.39111147,0.32549021,-2.58890068,4.82423821
1.24524475,0.40378232,-3.03953056,6.54665234
4.33549653,0.37390594,-2.29374440,6.32573797
2.47420361,0.43304605,-2.50722075,7.12943187
1.30004687,0.42828231,-2.53084445,6.63076805
3.54585529,0.29527187,-2.00228120,4.11167099
1.88929983,0.41300472,-2.56659841,6.70437975
2.68487123,0.36921187,-2.51020102,4.51243226
1.90358319,0.36215262,-2.41272272,5.85286502
1.54948183,0.39102398,-1.84459122,6.17456554
2.72072345,0.38842082,-1.97726765,6.26024770
2.84695872,0.36821598,-2.72851689,4.14555717
2.41108873,0.35927589,-1.92307841,5.56193724
1.58945168,0.42017235,-2.54868555,6.52133965
1.96054805,0.37091889,-1.93725351,5.22459137
4.15065499,0.37025077,-1.80313182,5.92629338
1.60876536,0.39453149,-2.26604256,6.48205709
2.94091003,0.39492961,-1.94318755,5.25599405
1.24505068,0.42003259,-3.27249572,6.69490832
3.58140613,0.45813003,-2.07536919,7.47453955
2.96508288,0.37841125,-2.41011333,5.88691981
1.68157698,0.40848913,-2.69797675,7.02566927
4.37993215,0.39900416,-2.30359672,6.44528853
3.52597479,0.44673153,-1.85078040,7.23129046
1.74181131,0.39897887,-2.39856695,6.10676037
2.86993558,0.37286737,-1.68724832,4.72414329
2.50855701,0.42367929,-2.71629059,6.75302622
2.03261053,0.37600473,-2.37674103,5.99627481
1.75578627,0.47225347,-2.78710771,8.34969335
1.64827486,0.42300888,-2.32335707,7.49407245
2.28687135,0.33879639,-1.95570854,3.98044677
3.76428251,0.37214267,-2.13963825,5.40649885
1.13418207,0.44801385,-3.15281402,7.71128963
1.26653119,0.40477410,-2.42730078,6.34200107
2.95630326,0.40449151,-2.40282321,6.50078897
3.40477723,0.38285229,-1.82592506,5.75340221
2.34848763,0.43175913,-1.20379741,6.08515209
3.17677913,0.36424078,-1.22726630,5.50024930
1.83759731,0.46427087,-1.98403643,8.41346982
4.04432468,0.38594261,-1.57636687,6.59406987
3.70667061,0.41879268,-1.88749583,6.76914835
2.30947628,0.42002512,-2.25265759,6.78516044
1.83187110,0.45834622,-2.91712896,8.36154521
2.72042099,0.36502161,-1.75530928,6.04570325
3.57687097,0.39419854,-2.63637627,6.37407067
1.70906411,0.36657876,-2.44815826,5.68586814
1.46626845,0.42229689,-1.86155006,7.49454336
2.50528859,0.31541166,-2.03644936,3.58241490
3.22679798,0.39092743,-2.39885748,5.70582833
2.20342883,0.38225725,-2.02282324,5.96850767
3.08102618,0.36718769,-2.28094615,4.24986621
1.86347210,0.39482961,-2.48044121,6.23040823
4.33187160,0.40980053,-1.76006069,6.37830922
2.07156253,0.44829860,-2.83533614,7.72866607
1.28966054,0.40429895,-3.03745761,6.59523382
1.36778871,0.32635088,-2.07590681,5.09399985
3.16793482,0.34958844,-2.09133548,3.87194703
3.44703463,0.39048188,-2.16902040,5.55205234
1.48562661,0.40560827,-3.06429899,6.61893141
1.54755409,0.34664678,-2.60401759,5.18004029
0.95607003,0.39044083,-2.82426285,6.25000405
1.76822662,0.42363297,-1.37936533,7.51798221
2.27441896,0.41327114,-2.76163933,6.78175725
1.41752605,0.44085810,-2.44308579,6.43555271
3.85520705,0.37888660,-2.33751485,5.70013306
3.38982884,0.35294541,-1.58035692,5.67648223
1.05608067,0.38836973,-2.83068826,6.07247041
3.64696032,0.36101480,-2.23145083,5.55606963
3.28351296,0.38928878,-2.49079111,6.07914549
1.99035718,0.38028094,-2.03326437,4.29620495
1.22620053,0.34789159,-2.60028640,5.40337869
1.77984038,0.40932790,-1.99497222,6.96549745
1.93245901,0.46469428,-2.37426092,8.08766752
2.28826917,0.36631646,-2.11864387,5.65107395
1.90061733,0.37566835,-2.82670842,5.98429916
1.70970756,0.39778790,-2.48005473,6.75212549
0.42572410,0.42137935,-3.24692751,7.42002152
1.73640623,0.39750885,-2.83851504,6.47963921
2.09077243,0.42701931,-2.70465213,7.18073597
3.90364400,0.34321894,-1.98335942,4.43898295
1.94096900,0.43849626,-1.91322136,6.42760863
0.29690735,0.43921910,-3.00023239,6.58673445
3.16357655,0.36820278,-2.31675374,5.74895817
2.11866849,0.41025851,-2.74422266,6.69426908
3.56649104,0.37645758,-2.55102727,5.57476062
1.12243495,0.39259685,-2.82694010,6.40898369
1.67271852,0.39822519,-1.76879753,6.04516720
1.79956017,0.47619397,-2.79336259,8.80303769
1.57483624,0.40371651,-2.24971292,6.98970855
1.32243916,0.39582114,-2.80797614,6.53037108
2.02212813,0.44831770,-2.83663896,7.75515541
1.59932523,0.44688957,-2.45128095,7.67975510
2.02332740,0.38775278,-2.15076346,6.25099044
2.94462721,0.42561901,-1.44694928,5.75970223
1.97534237,0.38692101,-2.20942981,6.64700365
1.94603865,0.45089423,-2.34832007,7.52844413
2.55387235,0.35441098,-2.40645192,5.67087348
2.28975803,0.43886427,-2.51719061,7.55893271
4.60091087,0.42593361,-2.39123604,6.94778507
3.07998775,0.35533559,-1.79544243,4.01873950
3.90046717,0.35836670,-2.11541730,5.32039943
3.14488512,0.34853292,-2.00014725,5.16058173
1.80348816,0.42746412,-2.69869149,7.26968626
3.66555726,0.34614019,-1.77187730,5.23670057
3.09077779,0.38142198,-2.64101098,6.17669387
4.21598601,0.38062538,-1.97536628,6.72233443
1.85146929,0.40026174,-2.10428192,6.75779688
1.13099901,0.41515720,-2.91908241,6.98909117
2.39376918,0.45814633,-1.60121335,6.87453705
1.92138261,0.51526183,-1.62545815,9.80171001
1.89224307,0.45986939,-2.70743891,7.67549143
3.08390293,0.39630200,-2.44972196,5.88611400
1.62885073,0.39617785,-2.40311283,6.60116319
2.11244823,0.41288163,-2.25591605,6.71000789
1.99333611,0.41864415,-2.34102855,7.33695646
1.35230521,0.38426965,-2.58587760,6.23039311
1.83715588,0.41528765,-2.79385335,7.21114588
1.81924138,0.46458544,-2.24113947,8.33235145
2.49795883,0.37239889,-1.93237158,4.28955386
1.36354639,0.39216503,-2.41169720,6.53427409
0.84650889,0.37325368,-2.46109178,5.70453804
3.33951052,0.32526395,-2.21897878,4.24807076
2.97144382,0.37362711,-2.26170628,4.29041728
2.17939503,0.32991674,-1.25284398,4.54770572
2.04294695,0.37107524,-1.99974451,6.05931360
1.08761473,0.38826155,-1.92547461,6.17218562
3.13319886,0.34632986,-1.97481166,5.61068241
3.98799251,0.39428741,-1.70167949,6.59796261
3.22901751,0.39186187,-1.97747787,6.47693957
1.74697650,0.34914740,-2.55931098,5.84230746
2.84397518,0.36405948,-2.05373328,5.84643250
1.77893015,0.36973683,-2.30414788,5.82876571
1.95366703,0.47144033,-1.73485509,7.78165359
1.66716401,0.43030697,-1.62637130,7.11412913
2.22637835,0.40896745,-2.58693195,6.69687423
2.06105239,0.44969804,-2.46315804,7.62687318
1.27339133,0.40656268,-3.03872192,6.56220333
3.18862751,0.37070502,-2.63103106,5.79653777
3.42507696,0.48777176,-2.38768458,7.65648491
2.46121034,0.42895017,-2.39866116,6.94760757
3.68792397,0.43800863,-1.98906283,7.17103859
3.17231259,0.37531350,-1.61935516,5.84828532
1.06000758,0.45016666,-3.15123585,7.71142089
0.88457541,0.40553058,-2.80664379,6.84177623
2.55655851,0.37466964,-1.45829778,4.31237209
1.66515614,0.45294665,-2.45478895,7.50233489
1.78116820,0.33246907,-2.14890437,5.18126521
1.73697879,0.38439149,-2.04321187,6.30946220
1.42689884,0.44339372,-2.94350482,7.72682779
2.88968846,0.39607863,-2.19051964,6.35228046
2.71418341,0.37082633,-1.78922333,5.27914792
1.79566020,0.41595862,-2.79453438,7.22456815
2.41576989,0.46486670,-2.02630988,7.67375993
3.03979887,0.35406899,-1.96653757,5.42200901
2.08734855,0.42751731,-2.34077994,6.85746043
1.72302207,0.45617164,-1.63854383,6.46898924
4.20587702,0.38641762,-1.55872226,5.85444413
3.09419353,0.35539465,-2.49545848,3.96842281
3.09491203,0.31611293,-1.99653343,4.60866455
1.04853521,0.42492519,-3.02236143,7.26650090
1.33462335,0.39740443,-2.83648913,6.33024984
2.08548791,0.44322249,-2.29593894,7.66303921
3.10823465,0.35123322,-2.03640865,4.06414035
2.47499651,0.32805970,-1.52765000,4.93752001
2.17550323,0.37676980,-0.96725624,5.88797393
3.41999661,0.41755588,-2.57447716,6.66336225
4.62032799,0.38211470,-1.69250212,5.52348849
2.95880617,0.38750624,-2.17007778,6.06772837
1.82865965,0.44933987,-2.47209182,8.20069321
3.75030795,0.41934294,-2.18149548,6.97395964
2.04365550,0.42052177,-2.25238929,6.76481570
0.11418413,0.46274643,-3.24063295,8.50499739
0.91669597,0.39055050,-2.79529625,6.42643903
1.78137151,0.42663088,-2.81983894,6.85645605
0.95876779,0.39258564,-1.91882715,6.51913284
2.09849745,0.45233489,-2.48600099,7.79763180
3.00335658,0.33491980,-2.10661976,4.56678965
1.98833609,0.47747309,-2.23668312,8.07139571
1.76414811,0.36214709,-2.82164869,5.80057961
1.42554867,0.39971696,-2.83015084,6.52024927
1.90693297,0.40810883,-2.11329671,6.66108911
2.49101577,0.42401943,-2.47760705,6.63328594
1.95003131,0.35832567,-2.40373932,5.77524179
1.25265221,0.40976378,-2.10836415,6.56782674
2.14399744,0.44961870,-2.83507092,7.72756767
2.12898201,0.37292261,-1.95247633,4.35918701
3.68314337,0.39872574,-1.98152947,6.61103485
1.70116238,0.41911608,-2.47846270,7.24557746
1.79004678,0.34942052,-2.56403751,5.81449063
2.48554199,0.37564203,-2.48778188,5.88451457
4.07287888,0.38810885,-1.75630278,6.00651419
1.12714453,0.42379538,-2.55831861,7.24775717
3.87396483,0.34161258,-1.55064581,4.00491170
1.95421935,0.35430860,-1.80399729,4.41363637
1.75318077,0.42500577,-2.02258215,7.12673649
2.13109513,0.37416246,-1.87099653,5.92006423
2.36150533,0.41958993,-2.25262651,6.74541490
4.04297693,0.44467338,-2.29677437,7.33401101
1.18121099,0.42124257,-2.81035436,7.20266049
4.05411523,0.36538633,-2.34662161,5.48140133
3.00411839,0.39866928,-1.80414566,6.50358099
3.27608815,0.37638454,-1.64545526,5.15292146
1.86129955,0.45202549,-2.54171169,6.64470589
1.83927308,0.36609565,-2.31021826,5.49959002
0.63080535,0.37257914,-1.39194690,5.90010498
0.88473456,0.40418843,-3.26482762,6.48138907
1.83126777,0.36389931,-2.12007649,5.75429018
2.59141337,0.34621798,-1.88883500,5.30368761
3.44004156,0.39504144,-2.40758209,5.70308393
2.12981893,0.42159173,-2.58612759,6.78820077
3.14070405,0.34730493,-2.17658012,5.65115985
3.30581392,0.36704388,-2.63130538,5.73416807
4.34311064,0.34252910,-1.90489768,5.17309003
1.05023663,0.37979803,-2.69350907,6.27358397
3.10704875,0.33288917,-1.89324416,4.08959749
1.07481778,0.37983074,-2.69355768,6.26502059
3.41767387,0.36624276,-2.05948609,6.06122980
3.36505623,0.34969696,-2.64328620,5.59770287
0.40735490,0.40839347,-3.00383196,6.98911343
3.90414014,0.39022781,-2.29885131,6.73108240
1.62616357,0.42566909,-2.05249520,6.22092921
1.33175850,0.40464619,-3.06371790,6.62743849
0.40747436,0.37951943,-3.01384377,6.70544807
2.64634490,0.37471262,-1.76982384,6.13614719
1.38822649,0.40452218,-3.06362774,6.63682075
1.33118747,0.38559209,-2.80505701,6.45358583
2.19241193,0.46718740,-2.24786626,7.82020593
1.67517522,0.42462366,-2.45547583,6.45762950
2.96328756,0.38798517,-1.84816673,6.49134967
2.69575444,0.36956824,-1.93455725,5.77361910
2.13223137,0.37164101,-1.84675140,5.83278973
1.79391699,0.49799823,-1.40317052,8.12155769
0.13149121,0.48828198,-1.83628023,8.79923209
1.59255643,0.44732107,-2.92953055,7.46945455
3.00965801,0.38749114,-2.33349612,5.72415370
3.23652147,0.40814563,-2.33035942,6.80471801
2.06418885,0.41213530,-2.57375761,6.74733546
2.96693206,0.37124111,-1.57379401,5.95676275
1.20170737,0.39347212,-2.79553374,6.44839127
1.96670347,0.39465045,-2.43130176,5.83613811
3.13522127,0.30120392,-1.82938420,3.16861883
4.74364782,0.42098509,-2.39842562,6.94531963
1.84228646,0.47626820,-2.78356546,8.60687395
3.97260122,0.44583145,-1.92862226,6.37258383
1.81345171,0.41757719,-2.57817323,6.74984727
1.01502049,0.41144929,-3.02734325,6.62914301
1.85603602,0.42234214,-2.33055940,7.44314747
2.17261409,0.40911829,-2.60978143,7.01340263
3.67239263,0.40831013,-2.35688934,6.76136519
3.89215485,0.40361730,-2.28880154,6.78162021
0.19975617,0.34588007,-2.78633837,5.72296747
2.15356987,0.35716004,-1.87938633,5.11210607
2.81341621,0.34437003,-2.23352266,4.22548185
1.80022622,0.36819003,-2.14974068,5.93204156
1.56342244,0.39479097,-2.82526930,6.37451191
1.21682464,0.35462598,-2.26598221,5.70010306
2.73893191,0.36031426,-2.71785876,4.37739478
3.05921211,0.42784942,-2.96243738,6.96591922
1.89737547,0.45919179,-2.69394468,7.80210286
2.32886661,0.41088887,-2.37522771,6.71420914
1.37596721,0.39054339,-2.57774645,6.14803780
2.60788588,0.35675832,-1.77828072,4.53225889
3.56074058,0.34904381,-2.07993704,5.26416203
0.39284515,0.33995179,-2.07889031,5.61603015
3.37104747,0.34031630,-1.79042344,4.21377591
1.25580178,0.40390629,-3.03769496,6.65066530
1.39431427,0.35748905,-2.80658910,5.82918857
1.87421837,0.39975848,-2.24852329,6.08027278
3.37710037,0.39231970,-2.30472487,6.28511871
0.96378276,0.39012256,-2.79131539,6.37675815
1.22261479,0.40775217,-2.80311598,6.45829149
1.77903564,0.37540180,-2.61767434,6.00464472
1.80786661,0.34164552,-2.26219035,4.50295452
3.02543719,0.35137810,-2.08758191,5.65917869
2.74782127,0.36767667,-2.49560063,4.30218595
0.95473107,0.33994384,-2.47457349,5.70348137
1.83167118,0.38316634,-2.45962439,5.91481425
3.24400514,0.37308149,-1.79366844,6.17541239
2.83972109,0.36516904,-2.28916526,5.56081300
2.61137441,0.45379744,-2.47923714,7.52481785
2.99275839,0.38650379,-2.11434709,6.34211034
2.16717912,0.45181652,-1.87751574,7.55237791
2.09910176,0.42589433,-2.47382567,6.99200218
4.05816201,0.48293767,-2.39424515,7.51410870
4.78721956,0.33492932,-2.38463028,5.49432363
1.16860137,0.42617232,-2.47358064,6.82266563
2.25490410,0.37535839,-2.10231631,3.88435406
1.98359329,0.46597256,-2.46214514,8.38039855
2.31885523,0.42557934,-2.35435425,7.04092254
3.84796719,0.40275788,-1.80015782,5.81915041
2.14539121,0.36338843,-2.11718658,5.67770243
2.58428123,0.38042645,-2.40470630,4.38415270
2.80365173,0.33980455,-1.94456559,4.04837214
1.70379591,0.39774906,-2.44384190,6.16708466
1.74363451,0.44621804,-2.68011788,6.67839436
2.09446279,0.41019813,-1.71179519,5.89410029
4.60446179,0.36575055,-1.72590824,6.23517931
3.30962205,0.34147394,-1.98346543,4.62382913
2.09668485,0.36638679,-2.14492989,5.86516893
2.77162073,0.37128974,-1.79699852,4.28986269
1.25898171,0.40709599,-2.56941746,6.54196577
1.93769201,0.47614723,-2.80005561,8.72040789
2.93061642,0.31542209,-1.73904256,4.50787344
1.69769475,0.40747752,-2.72872709,6.90298005
2.87900975,0.34574967,-1.72917680,4.85186683
1.68944665,0.43051002,-2.78944720,7.18340627
2.46819495,0.33223539,-1.81668104,3.91402547
2.97121933,0.39464047,-1.36948600,6.69661273
1.45177605,0.40494277,-2.71830187,6.62665991
2.90522608,0.33625808,-1.78390567,4.33526154
1.90063069,0.42905929,-2.40516461,6.82322130
1.74122385,0.35800781,-2.56183702,5.93793173
3.85056719,0.37858236,-1.63062857,6.44526683
2.65640463,0.43687575,-2.60985462,7.60380783
3.68641443,0.39235976,-2.33074573,5.52693493
0.41394126,0.35285795,-2.54325760,5.82665944
3.05659776,0.37410135,-1.20943893,6.21556816
1.81216455,0.42988858,-2.70417408,7.47533524
4.35164840,0.41185961,-2.40254177,6.90232342
2.74737861,0.36628408,-1.75528646,6.02767985
3.81104467,0.37484822,-1.30596494,6.01165462
1.77758094,0.45479924,-2.53914886,6.68562518
2.21188865,0.50095921,-1.86841904,8.87264665
1.26672859,0.41296043,-3.04253049,6.63266003
1.37309801,0.39222160,-2.24462995,6.41145651
3.40941647,0.39525133,-2.65700493,6.48930438
1.85789543,0.40147712,-2.82335388,6.55591839
2.36365857,0.33568671,-1.88494945,4.75094530
1.50244945,0.43987064,-2.92579115,7.40331259
0.98970128,0.40612615,-2.58929272,6.56759621
3.95670759,0.37481759,-2.40182097,6.33315767
3.57257959,0.38284579,-2.16647582,6.18829060
2.04816662,0.42528326,-2.57339724,7.24318965
1.92505819,0.49284117,-2.33448146,8.79013027
4.58089934,0.40786776,-2.39770119,6.90989710
1.52424137,0.41741559,-2.57967525,6.83696013
3.19896256,0.40455209,-2.21648995,6.66822573
2.87472523,0.34292527,-1.79314476,3.76285490
1.05540129,0.39998097,-2.92176218,6.97254911
1.80749827,0.36837177,-1.84290558,5.73348644
1.97320996,0.34475376,-2.09021417,3.75150275
4.34969936,0.38715059,-1.56377559,6.19028483
1.50338967,0.39973033,-2.40282091,6.50637436
2.58353413,0.37328405,-1.69855092,6.20935003
2.08420097,0.51888050,-2.11979194,9.60518420
1.75903844,0.38983290,-2.50733064,6.10076795
1.95862547,0.45338288,-2.48972148,7.77579192
1.71844017,0.39714423,-2.57804734,6.48481580
3.37947523,0.40235020,-1.61431138,6.52206355
4.04524483,0.42944835,-1.91271639,6.41874835
4.65541137,0.35370922,-1.80502932,5.71828732
3.33432021,0.34992446,-2.63189216,5.59343411
1.87266158,0.41591641,-2.00769813,6.70756977
0.74732821,0.45316431,-2.99930361,6.71443245
2.17027364,0.46641483,-2.24191855,7.73757173
3.40909095,0.35415819,-2.41087449,4.07475685
2.80060959,0.37164289,-1.80757801,6.16964203
3.44890858,0.37183719,-1.65432498,5.98839807
2.07616041,0.34128162,-2.39771665,4.38111987
3.62680209,0.40089641,-2.56995291,5.78419811
3.29906286,0.38181558,-2.28025166,6.27914065
2.37311267,0.41777712,-2.25726461,6.73033155
1.87730762,0.40190303,-2.72067010,6.55788724
1.66714814,0.43808072,-2.70455888,7.57250222
1.22714879,0.42096480,-3.04044267,6.67761865
3.05406035,0.35442427,-1.79114683,5.19497030
1.64576982,0.39693457,-2.32536815,6.93889217
3.37822328,0.40916536,-1.84729071,6.79745461
1.83752541,0.42966903,-2.02166982,7.22111847
0.85211516,0.39328171,-3.03050718,6.45280017
4.51163141,0.34272237,-1.78517176,5.56932469
2.97899181,0.37745284,-2.26111918,4.41035831
4.21671080,0.45286927,-2.19157658,7.14427015
3.70455789,0.33877537,-1.99260420,3.80079459
1.75017086,0.38948413,-2.51369970,6.36942390
1.72578540,0.39252152,-1.98525454,6.25982809
3.19948752,0.38014167,-2.25182071,6.20226543
1.25869869,0.39150789,-2.81085824,6.42120625
2.66815100,0.38696793,-2.42862506,6.37329155
1.37128369,0.40437372,-2.82166606,6.56285271
1.94520307,0.43879913,-2.14363675,7.48379930
3.98391853,0.33612162,-1.91350756,4.27708989
3.99975116,0.36662836,-2.32016567,4.31335911
3.22784884,0.36614123,-1.81282620,5.26190262
1.47400868,0.37279453,-2.16282603,6.12547486
2.76383731,0.38696760,-2.00732079,4.42949433
3.01422808,0.33289917,-1.55884729,5.23910328
4.23917069,0.35832436,-1.81747738,4.17887193
2.10156902,0.36526150,-2.23553330,5.85980432
1.77928017,0.36170476,-2.14098108,5.83495662
2.10875124,0.38943075,-2.70421833,6.11839969
3.61485776,0.37868846,-2.22034189,5.78357151
0.93818906,0.46436837,-2.31692292,8.31501846
3.26952876,0.41454014,-1.74152027,6.61942009
1.95967527,0.46822260,-2.24857271,7.78118626
2.94122229,0.42956247,-2.50177127,7.01297130
1.07937743,0.44902966,-3.15143416,7.71151346
3.71441194,0.39114091,-2.22080806,6.42872296
3.24431809,0.39228035,-1.92993939,5.63091308
2.87473240,0.38388314,-2.32206838,6.06666732
4.30323741,0.40120470,-2.13404807,5.74074222
0.45983724,0.41330309,-3.24566772,7.18545120
3.14562925,0.34358295,-1.83848844,4.68312337
0.19202611,0.41582537,-2.77629537,7.21256542
3.95526795,0.39492016,-2.54091592,6.46420570
2.64076941,0.34581078,-1.66504142,5.48885161
2.15048223,0.51664871,-2.11822863,9.66110064
4.39742301,0.39036168,-1.91311751,6.16812584
3.48553321,0.29890318,-1.99004509,4.63286026
1.29269459,0.32505203,-2.27375310,4.32461864
3.41393160,0.38220367,-2.55120294,5.68534063
1.49662573,0.34942394,-2.39371559,5.43855889
2.94540135,0.36802547,-1.97853404,6.18820851
2.82299637,0.35213196,-2.09928377,5.32015484
4.39261190,0.36282489,-1.61242169,5.80984525
2.25410869,0.40796663,-2.34976450,6.12139463
1.59500472,0.40134400,-2.33805640,6.93807643
1.80964665,0.39575876,-2.34140029,6.81028017
3.67682191,0.38850303,-2.32461143,5.72002617
2.42166791,0.37970482,-2.04060614,4.25476703
1.62684998,0.38421287,-2.55626418,6.80355053
1.64357917,0.39734211,-2.72207097,6.47043160
1.33159685,0.40403925,-2.56929866,6.59578815
1.54992023,0.39086823,-2.03279185,6.06306263
1.21385935,0.44869441,-2.91246822,7.62357669
1.30867151,0.39162274,-1.88342401,6.19079803
1.62994291,0.39259241,-2.48092530,6.18869593
2.02990295,0.43905326,-2.12378508,7.37291521
3.93391527,0.38986657,-2.63855093,6.40661025
0.79319331,0.41027333,-2.08253838,6.64996875
3.34804337,0.35773806,-1.83352481,5.99707959
2.97641277,0.37796955,-2.63854955,5.89018442
1.87634759,0.45183117,-2.46211107,7.62173986
2.57011945,0.34713252,-2.26664464,3.98731784
2.33404967,0.46319927,-2.02578286,7.59922293
3.68819687,0.38193159,-2.20708155,6.27673465
2.45909005,0.40291377,-2.25971996,6.62903754
2.80293834,0.32773605,-1.80496741,4.88232995
3.03575603,0.42809637,-1.46434058,5.86850985
2.46290263,0.38381731,-1.70799464,4.37033600
1.79007937,0.39088491,-2.16711434,6.06266590
2.55404369,0.38113504,-1.75730217,6.10390932
2.06980306,0.32790229,-1.93267990,5.06149559
3.56449849,0.34559551,-1.61964824,4.91348129
1.07086126,0.41325056,-2.78205087,6.45385802
2.83188902,0.40856450,-1.75705281,6.17423481
3.84048450,0.38726788,-1.85780216,4.20991993
2.69895337,0.37085476,-2.40004157,4.31254827
1.15013087,0.42341192,-3.27535493,6.69492729
1.91105059,0.46165081,-1.99351174,8.34858281
1.33456109,0.39901110,-2.80040992,6.63982491
3.29119200,0.38646240,-1.96196915,6.38373799
3.23496338,0.38581448,-2.18089339,4.86101759
2.47968729,0.33401006,-2.20543488,4.93964956
3.61245239,0.37414924,-2.00843763,5.02219363
2.53208113,0.32245528,-2.01532739,4.12556080
1.27191913,0.39395566,-2.79669305,6.43634425
4.15881156,0.45564578,-2.53288540,7.42925227
3.26957057,0.37931249,-2.05179882,5.56580789
3.26243282,0.40098038,-1.55528741,6.37403739
4.50565145,0.34996240,-1.74304095,5.72961135
3.75863611,0.37524178,-1.86079546,4.27283894
2.96005197,0.33382096,-1.78750482,3.81443925
1.62407005,0.39273256,-1.88356832,6.27949105
3.12681855,0.39023059,-2.15204149,6.36126650
1.80756559,0.41340369,-2.46999803,6.70742268
2.07129776,0.34368507,-2.05304189,4.27061848
2.38627495,0.40159148,-1.98880503,5.95308761
3.32389919,0.32819964,-2.15060292,5.08635113
2.18108980,0.44719264,-2.15250673,7.45997877
4.83591911,0.44978750,-2.29134800,7.30423188
2.94729912,0.37255340,-1.80617053,6.16688574
3.22304058,0.33226112,-1.79012325,3.71883882
1.71582749,0.41862510,-2.32982970,6.77387559
3.89343981,0.41354324,-2.13804035,6.46406673
2.93480877,0.35425851,-2.40711164,5.29757390
1.66179182,0.36222596,-2.21036593,5.39180183
1.70493421,0.36986233,-1.89594822,6.01394711
0.66225217,0.40534615,-2.52698019,4.79896133
0.67210754,0.40487711,-2.78884690,6.58003276
3.02878379,0.36315331,-2.02656904,6.21293153
2.82862717,0.36313138,-2.51147676,4.35299809
2.64523826,0.39907500,-2.51356616,6.60937871
3.06132617,0.37843423,-2.18239607,5.40365081
1.98655665,0.47502048,-2.24087766,7.97428271
1.47657077,0.39404198,-2.25428547,6.44555052
1.62391270,0.39224132,-2.48129653,6.35160188
1.77151861,0.41620508,-2.79295854,7.25874195
0.41126841,0.34894318,-2.81306172,5.23002683
1.10642641,0.36586638,-2.53833573,5.89621180
1.88169035,0.37513299,-2.24950245,5.93721313
1.90541145,0.40742234,-2.58426708,6.72681033
0.16747346,0.47575607,-3.26161897,8.64425061
1.19072890,0.35600015,-2.58401898,5.25547746
1.83540460,0.46287966,-2.69357239,8.28069711
2.25182313,0.40901030,-2.19177348,5.89174697
1.70149273,0.34296023,-2.23539104,6.04918666
1.56855273,0.41278485,-2.93035303,7.08956652
2.20388735,0.34306758,-2.40901898,5.41951477
2.33935329,0.41292262,-2.37551386,6.67997646
2.19842867,0.40975762,-2.27077407,6.93674650
1.56906629,0.41225299,-2.47777072,7.16778996
3.34843887,0.39141943,-2.48746349,5.94528231
1.85640979,0.48768364,-2.31990265,8.82598736
3.43886004,0.35692773,-2.11403796,5.55963062
1.59039029,0.39447538,-2.71775156,6.57226051
3.15451087,0.36786855,-2.00675439,5.23488737
3.04849213,0.40873714,-2.21991957,6.42005669
2.98472646,0.41277237,-0.88745780,5.69609535
1.80170217,0.44773605,-2.32089804,6.52395324
2.74224383,0.38211281,-2.11107257,5.83733309
1.29719637,0.42088657,-1.85188970,6.72792783
2.63041724,0.38364985,-2.32344641,4.51793514
2.17361401,0.40398553,-2.85050593,6.53727695
2.97960662,0.37146587,-2.72171714,4.30545882
2.16960419,0.41000622,-2.94415141,6.77707229
2.18613633,0.41023559,-2.18296779,5.95851744
2.28709795,0.41303945,-2.70993122,6.66062995
1.87235237,0.41735266,-2.71193764,6.66302430
2.11999807,0.40415539,-2.13427355,6.77001561
3.79331808,0.39041739,-2.31458344,5.67182051
2.71548963,0.38905847,-1.97713438,6.42783644
3.59975749,0.33168961,-2.24148905,3.77159000
2.56205423,0.38147258,-2.30789064,6.31953963
1.93427385,0.41354162,-2.70205853,6.66276653
2.29163570,0.45611148,-2.71063808,7.66652827
1.78444045,0.36072203,-2.81525496,5.69476961
2.53506491,0.35525560,-2.21735779,5.31579860
2.83458555,0.37968357,-1.54394212,5.05195494
1.55955673,0.40855455,-2.68696699,7.03455886
2.43321509,0.39792794,-2.38429312,6.51236977
3.54922600,0.36661488,-1.91142454,5.30997025
1.94793758,0.45507722,-2.49129342,7.82198439
2.66493777,0.37213528,-2.13431197,5.27682264
2.81075919,0.36749013,-2.03009251,5.97477053
3.23656304,0.34045230,-2.30724522,3.92517218
3.20216911,0.36968822,-1.83472888,5.36656807
2.37872696,0.33367160,-2.21221054,4.70637901
1.75686894,0.38398507,-1.95322667,3.90366105
2.96167659,0.32989834,-2.06900674,3.98040726
0.87727897,0.40353385,-3.26373371,6.49972041
3.13854497,0.31344420,-2.03194484,3.71469999
4.46850691,0.38869996,-2.29918076,6.27389258
1.76154136,0.40962707,-2.55618166,7.10500589
1.38101485,0.40327932,-2.22523210,6.91589340
1.69461377,0.35525783,-2.00943848,5.66244082
1.57327387,0.39775969,-2.30216690,6.47008727
1.02962791,0.40740424,-2.81665196,6.53264857
2.03271461,0.47195883,-1.79405613,7.88485027
3.82025154,0.42657397,-2.43742015,5.91460559
2.57968180,0.38361919,-1.09117337,4.25364222
2.22819900,0.36380517,-2.11381276,5.49460603
0.79333568,0.39162203,-3.02992095,6.39918547
1.84136262,0.33419817,-1.82210565,5.50858701
0.66220356,0.31573445,-2.24792426,5.08136238
1.95378845,0.42978453,-2.12548400,6.89495671
2.23609959,0.33760102,-1.67373625,5.22526283
3.38176283,0.39122164,-2.64381155,6.51878589
1.93782288,0.57048309,-1.17526587,10.52873501
3.59058516,0.39361640,-2.18416868,6.44477071
3.08632865,0.42203984,-2.23133278,6.62006273
1.39857503,0.40707992,-2.09981836,6.60692364
2.59653419,0.39457945,-1.75707828,6.27936527
3.57414495,0.36419105,-2.47519207,4.11551478
3.14889223,0.39960223,-2.14742617,6.42618347
2.39352811,0.42674149,-2.25053844,7.33512190
1.90844571,0.40851130,-2.72693893,6.61621895
3.01171930,0.32488386,-1.71034584,3.74879701
3.74273229,0.34110268,-2.11376880,5.03478157
4.27784018,0.38210221,-1.33748986,6.21110103
2.90832949,0.37754485,-2.24798767,4.36557860
2.68836732,0.38975310,-1.39428664,6.64356192
1.84790627,0.35619123,-2.49163547,5.50621851
1.64084578,0.41192027,-1.98233640,7.19759535
3.17993619,0.39819811,-2.37474008,6.36561793
2.37141329,0.44293598,-1.90792685,7.12604171
1.21462009,0.41082495,-3.06310993,6.61314570
2.75965279,0.37113193,-2.08526403,4.32782543
3.27626171,0.35806303,-2.64150088,5.66198947
2.01593963,0.36028330,-2.36365062,5.82583203
3.41882372,0.34915768,-2.23478598,3.90197147
1.27953056,0.35034312,-2.18198667,5.47354243
1.59901868,0.39598392,-2.45253148,6.44852551
2.80123942,0.37605141,-2.13441166,6.03874851
1.74602589,0.43263453,-2.68163036,6.37930034
2.16728449,0.51136997,-2.57329341,9.51346759
0.81868181,0.36934257,-2.29003829,5.72674213
1.93526660,0.40042546,-2.45049790,6.45635143
1.71117886,0.36083700,-2.44756005,5.53665117
2.36134656,0.42270834,-2.40531119,6.80898492
3.23341880,0.35328056,-2.72811423,3.99289222
1.82798553,0.39389570,-2.18083994,6.31937753
2.25657369,0.41910803,-2.50293383,6.85266222
5.01079871,0.40960379,-2.04240389,5.54943565
3.17569861,0.37805731,-2.38776949,6.20611968
2.94052313,0.36427804,-2.31506760,5.73944768
1.69778515,0.38330470,-2.04722864,6.31041238
3.99159147,0.35357176,-2.21258968,4.72284140
2.74095777,0.42501885,-2.48650547,6.90643631
1.97676805,0.36993447,-1.98457067,6.00693928
4.09355951,0.40786837,-2.01064030,6.33474794
2.78977017,0.38096985,-1.56904722,6.27144447
3.12625157,0.37264694,-1.86938682,6.04676160
2.94148600,0.36316668,-2.15781868,4.14446475
3.83147577,0.34562080,-2.05482398,4.52131341
2.50731867,0.38683206,-1.58231974,5.97675745
2.93263508,0.33502423,-2.08528978,4.14338057
3.36589400,0.39759582,-2.06770942,6.39931022
2.13850789,0.43814853,-2.12238613,6.40876582
4.02368871,0.39188677,-1.89783888,5.25229387
1.59097721,0.41687802,-1.87518302,7.35444320
1.79913089,0.44095174,-2.37551977,7.65664447
1.89738240,0.35609001,-2.24584009,5.87737681
2.25263771,0.47277161,-2.25426527,7.86839357
4.14421887,0.45390365,-1.90265868,6.59522160
1.82960327,0.42530796,-2.82297893,6.84689472
3.34904857,0.37474368,-2.27243053,5.95895851
1.90358695,0.46138702,-2.46647273,7.70676632
2.67398081,0.40614616,-2.22528861,6.15130721
2.28415088,0.37734459,-2.41123778,6.20731457
3.26014846,0.40303933,-2.63184880,6.42913749
1.56256483,0.36375577,-2.09876324,5.56076504
2.16034569,0.38099418,-2.49694477,4.40922214
0.90807473,0.40921538,-3.26413007,6.50417578
0.69864155,0.34637705,-3.01928231,5.70929927
2.61614705,0.37624441,-2.28257855,5.85580327
0.90649209,0.40182849,-2.23181416,6.14655247
3.32810807,0.40351314,-1.90525340,6.43658617
2.89349781,0.30311419,-1.75093885,4.19893285
1.76150408,0.29970581,-2.09763547,4.18278826
1.96746368,0.38267322,-1.78029976,6.18882603
2.12910611,0.37617962,-1.72948519,6.12580973
3.38160175,0.39003438,-2.04524233,5.42329538
3.13487620,0.34242709,-1.56061377,3.78472311
1.80614793,0.39972589,-2.60910205,6.43186549
1.80491531,0.49612667,-3.03475730,9.22295637
1.44521786,0.41848352,-2.31599896,6.48776881
2.82180095,0.39283092,-2.09242994,5.69262131
0.88991418,0.34352240,-2.48111051,5.52692963
3.65640360,0.40725185,-2.77747539,5.82988571
1.81333667,0.36871522,-2.10611901,6.10018051
3.15172503,0.39218726,-1.97267905,6.02400572
2.40104150,0.36469339,-2.41370898,5.79536013
3.63930744,0.36798534,-1.67915602,5.60979811
1.15352289,0.34373867,-2.68528097,5.86649362
3.40337150,0.36697421,-2.07665846,5.71159155
3.67139825,0.39032664,-2.12834279,5.59990913
1.92510950,0.39217660,-2.06259737,6.24187612
2.85001682,0.36579008,-2.05741721,5.98837761
1.31292866,0.37595091,-2.22201390,5.61655869
1.67865553,0.40499289,-2.46586540,7.03585195
1.87378823,0.41677181,-2.47219777,7.24113671
1.70631541,0.41443591,-2.55501677,7.20405581
4.37913553,0.41155643,-2.39305669,6.82625328
3.67791535,0.33450631,-1.78462683,3.57150437
1.55242341,0.39742094,-2.57575626,6.46560053
1.84286997,0.39693338,-2.64822248,6.50090859
2.01980462,0.40494510,-2.12774884,6.75417281
1.71477699,0.41523424,-2.46988259,6.74660111
0.09202265,0.47725662,-2.77506148,8.72085037
5.26882368,0.36728005,-1.80841946,6.00289410
1.07567988,0.38065001,-2.51845522,6.22259512
2.11076818,0.37542533,-1.87220171,6.01788063
2.27422964,0.41293477,-2.40735220,6.67617763
1.76875823,0.42691353,-2.81812738,6.86361232
1.97403593,0.44165309,-2.14111317,7.53843835
2.45739633,0.32675633,-2.19156810,5.21022009
3.46395668,0.35347740,-2.20174186,5.89210061
1.71817149,0.45071903,-2.34357482,7.72828190
1.25318414,0.40915617,-2.81402137,6.50873234
2.76432910,0.36550032,-2.40293592,4.30687345
2.81774713,0.37898748,-2.25205874,4.62676511
0.22191171,0.41019811,-3.00701872,7.13004345
2.12358032,0.36117833,-1.53382906,5.78324458
2.19899273,0.37933279,-2.49330866,4.32299379
