0.46253547,0.36593583,-2.43364,5.7430353
1.8380526,0.46385357,-2.3841953,7.864622
3.2028842,0.39219916,-2.1173332,6.217609
2.5434225,0.38615188,-1.9391055,5.4375625
2.0235493,0.5070326,-2.4676278,9.037085
3.237094,0.3530825,-2.1933432,3.5455866
1.7681206,0.38638252,-2.4149446,5.857346
3.1598477,0.38981783,-2.3401408,4.662007
2.7925758,0.36887085,-1.6783355,5.9973702
3.2160017,0.4290113,-2.1376987,6.49426
3.4762526,0.35812622,-2.2102876,4.2382092
3.1336539,0.40373152,-2.5624144,6.255229
1.7054956,0.41970113,-2.7044291,7.1268816
2.3337655,0.43107435,-2.5436666,5.8612947
2.966666,0.37177148,-2.4431193,5.2582603
1.9587381,0.42470485,-2.4011002,7.0347
3.1139762,0.3595891,-2.158663,5.512761
2.37512,0.39230257,-2.1984758,5.5645576
1.5954303,0.45674384,-2.8271062,7.833387
2.229001,0.38154945,-2.09433,4.197482
2.9662833,0.36953312,-2.6498077,4.2818947
1.2200959,0.4132675,-2.2608685,6.546073
4.9135075,0.38733912,-1.93902,4.9223824
4.382761,0.36113656,-1.6543013,5.002826
0.23317634,0.48486593,-3.1299975,8.737028
0.90900135,0.39314014,-2.9223883,6.4470425
3.215444,0.35783532,-2.1331859,5.5342755
1.3294357,0.40180677,-2.6257598,6.5841403
2.6046307,0.390246,-2.4171107,4.2655544
3.0877335,0.3588382,-2.1054447,5.83489
1.9963824,0.37741256,-1.7846798,5.9431033
3.424636,0.36426726,-2.4135861,4.032034
0.24900316,0.48532894,-3.1299975,8.605248
3.141804,0.38519377,-1.4886382,5.63982
2.972098,0.32662502,-2.1242223,3.2298498
3.1536498,0.33413425,-1.9549453,4.117686
1.0791267,0.41804978,-2.7016702,6.388812
2.7237108,0.42611796,-2.5419977,6.7419586
2.462033,0.3829828,-2.3378599,5.8786664
3.6089995,0.48684195,-1.3535211,7.3981657
3.7620873,0.3280985,-1.6817466,5.0859804
1.2926881,0.42301154,-2.2526615,6.1248336
3.6997795,0.39730936,-2.5583766,6.217478
1.1486447,0.41342616,-2.71267,6.440781
1.9850482,0.34833682,-2.0935748,4.2587695
3.5871506,0.37267435,-2.2596884,5.21064
1.2416117,0.42460036,-2.2401445,6.4193544
3.4488795,0.38913262,-2.094563,5.66516
1.6538756,0.39045095,-2.5252688,6.2249994
2.6124609,0.37423915,-1.8432922,4.426518
1.420104,0.39741614,-2.701549,6.5728264
2.6493392,0.39357975,-2.4142876,5.845632
2.171425,0.3913822,-2.096528,4.2507915
3.8349264,0.45846504,-1.5369915,6.9251328
1.4864478,0.40152454,-2.2923048,6.2825184
2.027799,0.35106266,-2.03111,5.5167537
1.6573753,0.3713271,-2.215306,5.3488164
1.7483582,0.41024464,-1.9244196,6.7993536
3.068748,0.3998524,-1.3203281,5.870028
1.988203,0.39588502,-2.1170812,6.398229
2.6200116,0.36209303,-2.181187,4.025908
4.0071907,0.3472504,-1.6754795,4.363979
3.118104,0.39813915,-2.3282435,6.0132318
1.906555,0.39784136,-2.5252688,6.4578643
2.569762,0.35949835,-1.8179821,5.355561
2.687169,0.3911861,-1.8797724,4.652694
3.2098384,0.35485965,-2.0241401,5.303023
2.5744677,0.4158709,-2.3163223,6.59312
1.530862,0.4014421,-2.1557746,6.898657
2.436795,0.33673412,-1.7407784,5.404441
1.8577547,0.40266472,-2.5072834,6.3418074
2.7115803,0.3497614,-2.1680996,4.0855837
2.3244534,0.42519638,-2.375287,6.718502
2.4420276,0.3626326,-2.1147065,5.768894
3.2738671,0.4009225,-1.7762145,6.322445
2.681451,0.4104007,-2.2136545,5.7344975
1.450163,0.4180086,-2.9223883,6.8699236
4.6976495,0.36762545,-1.8888061,5.615177
1.5855407,0.44878605,-3.0565825,7.326411
1.2849314,0.42541096,-2.9223883,6.525369
3.4246635,0.32615477,-1.499828,3.6054642
4.1283765,0.37026912,-1.8710314,5.3379893
1.3418165,0.4118692,-1.9244196,6.7993536
3.0367084,0.41760308,-2.0179126,5.8598037
1.5492551,0.3610365,-2.496861,5.372196
1.7751706,0.44879064,-2.331967,7.61634
1.2607887,0.4442366,-1.9349174,6.347566
2.96131,0.3373327,-1.9039104,4.763838
2.3180044,0.37924767,-1.7353315,5.933858
3.2513642,0.40377274,-2.3586931,5.668695
2.5527139,0.36951602,-2.1095445,3.8567436
3.0467286,0.36260378,-2.1822715,4.992283
2.702334,0.41378358,-2.3586931,5.8221836
2.8226078,0.34372145,-2.4242642,4.0032516
3.3236096,0.33698013,-1.9590994,3.5720873
1.9811724,0.39483282,-2.5293067,6.170967
1.6712372,0.4047897,-2.1572354,6.89545
2.9597056,0.40103957,-0.98206586,6.122256
1.9464725,0.5070326,-2.4676278,9.079613
1.3458363,0.4468301,-2.3533864,7.589812
2.1175723,0.44605815,-2.5213518,7.323511
2.445815,0.4221089,-2.4038315,6.330475
1.541273,0.44360727,-2.618328,7.513217
3.041051,0.3330213,-2.3262389,5.2595882
0.9150023,0.39439857,-2.6122499,6.2351418
3.0195918,0.39690396,-1.6564512,6.1051793
3.3260899,0.3242029,-1.4175109,3.8204966
1.6668994,0.37531564,-2.218838,5.6076846
1.8334824,0.4177822,-2.506431,6.5907993
1.7884177,0.35082427,-1.9443622,4.9611597
2.232694,0.4068164,-1.7821134,6.074873
2.7394848,0.3991638,-1.3540534,6.150358
2.0408943,0.38171467,-2.174074,4.134552
0.7123579,0.44509897,-2.686114,6.5238585
3.7670858,0.34761825,-1.9751109,4.019478
0.59944296,0.41298103,-2.43364,7.0497823
2.6982496,0.38366398,-1.6723157,5.898473
2.4307458,0.43739164,-2.5213518,7.2958875
2.2307718,0.4397272,-2.2955651,6.7419586
1.7899628,0.45940778,-1.9244196,7.481504
3.4350939,0.40347302,-2.1388845,5.7890663
3.276304,0.3655796,-1.3691014,5.5055394
2.6579468,0.3378342,-2.2117105,5.1282377
3.0661938,0.40200678,-2.1192472,6.3119
1.4440176,0.3828857,-2.4114933,5.878086
2.4953473,0.32722995,-1.6736646,2.9930177
1.5678004,0.39402243,-2.027228,6.275281
2.087785,0.4920878,-2.2736914,8.371786
3.2281768,0.40373152,-2.121397,6.25672
1.9338424,0.42170984,-2.0598526,6.544256
1.7960011,0.42606202,-2.0674713,6.6087484
1.2143664,0.39367527,-2.7047153,6.065887
0.46253547,0.41673848,-2.9153051,6.7647343
2.7074833,0.4514732,-2.4147089,7.2693605
1.5187212,0.43000033,-2.626324,6.7705264
2.3655415,0.372613,-1.3793215,5.7458506
3.7912924,0.40565968,-2.4456096,5.668695
3.5853138,0.38981727,-2.3535733,6.036589
1.1336749,0.41162953,-2.9369302,6.3832474
1.9348419,0.4068938,-1.9475635,6.7491865
2.635461,0.36674336,-1.8247639,5.976946
2.2190502,0.34543812,-1.8990072,5.5418844
2.3298328,0.42517912,-2.6314404,6.700923
3.1132064,0.3670409,-2.0286846,5.0270715
1.8726937,0.4757566,-2.1309566,7.8768706
1.765688,0.39182115,-2.4949486,5.876532
1.5593897,0.3950078,-2.7086322,6.3010435
2.3688965,0.39616314,-1.6988388,6.048438
2.8596725,0.39254853,-1.5756217,6.186495
5.2343035,0.36052033,-1.8615861,5.7404346
1.813827,0.4896472,-1.8220407,8.122081
3.39404,0.37762937,-1.9197716,4.1677165
1.9399835,0.36236328,-2.2531848,5.261924
1.8148686,0.43443882,-2.4979756,6.984286
2.091557,0.35370967,-1.9451846,3.2476025
4.9047546,0.38048562,-2.2081518,6.0264845
1.6870351,0.4185627,-2.5052083,6.5691476
3.4831178,0.39878187,-1.5595531,5.530554
2.767289,0.38908482,-1.9792928,5.5843897
2.0493524,0.34202185,-1.9381447,4.0297823
1.988792,0.3567166,-2.1596646,5.61063
1.779861,0.45450032,-1.9261736,6.116261
1.5826976,0.41180974,-2.6257598,6.5920405
2.00642,0.41966444,-2.4979756,6.531483
2.471092,0.3748362,-1.8908643,4.2008867
3.7072601,0.375758,-1.7078538,5.955897
1.2848272,0.44781852,-2.8222482,7.4971623
1.8786514,0.4729473,-2.2736602,8.282764
1.8862625,0.43301016,-2.2930415,6.960967
2.690991,0.3892411,-2.1233127,5.3770485
3.0510828,0.39274696,-1.4112611,6.158152
3.348646,0.4059242,-2.3767092,6.3982296
3.0746357,0.34715497,-1.8103206,5.4535904
1.9189689,0.4075312,-2.5072834,6.4528055
1.9053669,0.3665982,-1.7931293,5.624089
2.4962106,0.35972056,-2.0834827,4.1376452
1.2388018,0.41715282,-2.4811366,6.275781
3.3769956,0.38964304,-2.3247893,5.755693
2.639632,0.3885429,-2.418657,6.2960634
1.6265231,0.41712135,-2.3914618,7.068695
1.4972548,0.3687285,-2.5544283,5.7736225
2.3730228,0.4167194,-1.8323781,7.076881
3.6660547,0.385233,-1.4621985,6.1708794
0.23317634,0.48486593,-3.1299975,8.605248
2.2962723,0.32030037,-1.9717466,4.9890814
2.0193467,0.43727258,-2.107762,5.9232516
2.3180044,0.37447044,-1.7195175,5.8517413
4.2398934,0.3736783,-1.3618761,5.8458123
2.0453238,0.43117595,-2.3427577,6.9015355
2.4872868,0.33982992,-1.8832633,3.8536177
4.1891823,0.35717374,-2.0196254,4.135011
1.5385569,0.43038073,-2.9223883,6.8301797
1.7853498,0.48786193,-1.2497998,7.934957
2.696297,0.40929717,-1.482973,6.4498024
2.0251465,0.43870932,-2.5293067,7.3878655
1.4440565,0.41848868,-2.7314434,6.5929193
2.3880582,0.37849516,-2.1382716,5.976946
0.31876662,0.4076374,-2.9086566,6.77736
3.1648653,0.3795312,-2.3327208,4.2182803
1.984246,0.4075312,-2.5072834,6.4845552
1.5117121,0.38974255,-2.4988656,5.5567513
2.849351,0.3843447,-1.9957763,5.3005795
3.2887568,0.3927754,-1.6948962,6.1468368
3.0167923,0.40377834,-2.3115575,6.227913
1.6145748,0.3753954,-2.2756336,5.718958
3.4931924,0.40405264,-2.742009,6.25672
2.082617,0.38481167,-1.8129092,5.873358
2.3121183,0.42050013,-2.1793418,6.626524
2.4098127,0.37289822,-1.586437,5.976946
2.5434432,0.3813244,-1.6317612,4.021223
1.7586035,0.49977204,-2.9223883,8.9838085
2.7891695,0.40213057,-1.2751544,6.2922497
3.6462853,0.37901297,-1.4874853,4.1792054
1.6421884,0.4397272,-2.2990165,6.658616
3.767109,0.37284696,-1.9614424,6.091789
2.8007736,0.38667318,-2.1432195,4.7553306
2.081173,0.34155264,-2.0774608,5.3831844
0.9362359,0.4123493,-2.4817483,6.498812
1.4829093,0.4547706,-2.5458486,7.3124757
2.4680514,0.37528414,-1.8507483,4.4468226
1.1884718,0.38546702,-2.1604345,6.005642
2.9388735,0.36383858,-1.8494483,4.5795403
1.9689602,0.3795312,-2.1095445,4.2540236
2.2871606,0.37824246,-1.9674593,5.949815
3.054487,0.40988135,-2.6498077,5.764144
1.4644781,0.40255368,-2.5157976,6.772889
1.7172828,0.40480146,-2.7363014,6.452401
2.543153,0.3734056,-2.3181725,4.338882
1.9046798,0.37985596,-2.2028294,6.116089
3.1688943,0.39212632,-2.2246377,6.039655
2.91757,0.37561128,-1.7353315,5.933858
2.9710515,0.375758,-1.9226259,5.952699
2.9158587,0.37045634,-0.650733,3.6085935
1.729192,0.4960587,-2.9223883,8.897569
1.9423615,0.3952999,-1.7893155,5.7733603
3.3425155,0.39189342,-1.8800764,5.056691
3.6316662,0.37421912,-1.5848439,5.7433047
0.9882053,0.3997229,-2.7393982,6.4157867
2.09624,0.39224386,-1.1813391,5.9337215
1.7935658,0.39479136,-2.3229878,5.869337
1.7417749,0.42432243,-2.0550213,6.6941032
2.388097,0.36409736,-2.1846383,4.068269
1.5655355,0.44392884,-2.830203,7.4964104
2.7082343,0.44660538,-2.124519,6.991063
2.0331166,0.41535944,-2.4062166,6.475356
0.8372869,0.4466842,-2.686114,6.472708
3.8785636,0.35517535,-2.003383,4.400106
1.8703703,0.36689565,-2.0431335,5.0849495
2.031425,0.42228666,-2.5059304,6.523546
2.401478,0.4080687,-2.5252688,6.8960767
3.002398,0.35550135,-2.3385932,4.9395843
3.2750552,0.3539058,-2.4242642,4.0058303
1.6113652,0.3616908,-2.1931665,5.006523
2.0231872,0.45355508,-2.289777,7.411322
2.3641403,0.35541221,-2.1756911,4.114044
1.2854027,0.44216236,-2.8222482,7.4738436
1.817443,0.4016339,-2.2887745,6.461217
1.1335065,0.3544027,-2.3878415,5.3861833
2.515955,0.3539615,-2.3385932,4.8734894
1.7825367,0.39374265,-2.3109255,5.8902082
2.0780442,0.42228666,-2.5059304,6.523546
1.9597565,0.4088175,-2.38185,6.8740172
2.861686,0.3662125,-1.6336697,5.694965
3.8308022,0.35034376,-1.9525628,4.4142637
2.0652015,0.37547684,-1.9498799,4.114125
1.4670825,0.43568152,-2.6064208,6.3385844
3.4048042,0.38154992,-2.0801857,5.3474483
4.1916413,0.36915204,-1.7774124,5.4732494
2.8313527,0.45120236,-1.5274858,7.1639633
1.4428911,0.3792815,-1.576084,6.159864
4.122685,0.4286228,-1.8738462,5.798826
2.3180044,0.37924767,-1.7353315,5.933858
2.075562,0.43717664,-2.5213518,7.3894954
1.6949382,0.36962482,-2.1922023,5.558223
2.2294562,0.37326813,-2.03423,5.8485594
2.4013488,0.34457573,-1.6209006,4.1481247
3.2525008,0.39460316,-2.0139127,5.29852
4.689084,0.36576918,-1.4562149,4.478688
1.8614395,0.52442783,-1.5873812,8.905305
3.3233905,0.40900135,-1.9520783,6.4432764
1.5257797,0.3363618,-1.9025671,5.2496142
1.5289603,0.38402012,-2.4845455,5.805382
1.6423253,0.36428827,-2.504173,5.4409957
1.7036576,0.37547684,-1.9584564,4.6025023
2.0543814,0.3990494,-1.862627,6.015323
0.22026353,0.47103596,-3.1299975,8.737028
2.2034278,0.40735614,-1.95614,7.0147977
5.2482514,0.3421672,-2.301012,5.1819334
2.5658557,0.35276785,-1.8947016,3.8685503
3.0501542,0.36674336,-2.160526,5.895655
2.3752754,0.3826597,-1.1959156,5.6881924
1.1533861,0.39999035,-2.701549,6.5990076
2.7468383,0.40746576,-1.870616,6.28738
1.1244832,0.3430775,-2.1732066,5.222202
2.2671726,0.4127231,-2.6393952,6.6008115
3.8188274,0.3948512,-2.0269067,5.9059434
2.6574101,0.41499954,-2.1467557,6.6606975
2.483987,0.3897177,-2.1143703,5.9298162
1.7105927,0.35970223,-2.4498248,5.649549
0.5777863,0.35675508,-2.708467,5.4981494
1.9655881,0.40826502,-2.5112317,6.58371
2.5460052,0.41550452,-2.2202647,5.793313
1.8521037,0.3919976,-2.4228985,6.211792
3.7153237,0.415592,-2.2619483,6.7149544
2.5900667,0.36674336,-2.03423,5.895655
2.4949336,0.33678296,-1.8212502,5.4958606
2.2081625,0.40062836,-1.8750031,5.868489
3.0738227,0.33961323,-1.4263366,5.423864
4.533422,0.3735589,-2.0768661,5.9751534
2.0700884,0.35080212,-1.8480232,4.232136
3.273091,0.40988222,-2.1507862,6.4776683
3.485624,0.3355447,-1.7667445,4.6793513
2.8215714,0.3627028,-2.1481478,5.5603023
3.3812468,0.3036894,-1.8276473,3.0934243
1.005553,0.42427632,-2.9047396,6.8612986
1.0612578,0.3836701,-2.392972,6.143157
2.7992387,0.38616025,-2.2047074,5.1010876
3.5109904,0.33493492,-1.5728735,3.6075673
2.1147614,0.38596395,-1.7459427,5.726882
2.625854,0.43656623,-2.855186,6.710209
1.9216093,0.36764067,-2.2458107,5.3984203
2.4138963,0.37752873,-1.9553388,5.7791333
5.3101196,0.35813543,-1.9529426,5.964686
2.919234,0.3924537,-2.8328137,4.3481426
2.1607227,0.40641305,-2.183157,6.61546
0.5224656,0.36186537,-2.4945838,4.746896
1.2447345,0.40315267,-2.9223883,6.4078608
3.9865274,0.38114852,-2.214368,5.8972692
2.2361314,0.433511,-2.4129508,6.7419586
1.3945689,0.42930052,-2.472975,6.4892497
3.916509,0.30388713,-1.9242147,3.678797
2.117359,0.41791,-2.4928591,6.878389
2.641501,0.37708023,-2.4431193,4.5059943
2.0195055,0.3683127,-2.3592176,5.702625
1.782541,0.38185298,-1.7731977,5.944965
2.609469,0.3881467,-1.9173323,6.0467277
2.7172272,0.3701568,-2.633682,4.0624213
2.1440089,0.37229916,-1.8484894,5.475134
1.470276,0.42390826,-2.4927351,6.3387566
1.6935854,0.3767561,-1.8928589,5.0037947
4.4818144,0.38359565,-1.7498056,5.7538877
1.8100883,0.3950622,-2.1705103,6.4053574
3.016709,0.39890042,-1.8388389,5.2671547
1.2483262,0.4229187,-3.1299975,6.664283
3.877645,0.45820323,-1.9739097,7.2693605
2.481563,0.3806787,-2.3312192,5.65115
1.5855407,0.4102036,-2.621722,6.826542
4.6359744,0.38779742,-2.214443,6.382839
3.7096126,0.4515529,-1.7813022,7.106365
1.7435932,0.39944082,-2.3264391,6.013354
2.909051,0.376685,-1.6666815,5.3435516
2.4005709,0.42442417,-2.6314404,6.6691732
2.196837,0.37904692,-2.3062394,5.7380133
1.6816998,0.47798833,-2.7005122,8.196525
1.6580033,0.42225534,-2.2442505,7.1268816
2.4179568,0.34857556,-1.8873043,3.833039
3.9947808,0.38154992,-2.0801857,5.3474483
1.1798981,0.45488825,-3.0565825,7.519698
1.5264437,0.39847285,-2.3213975,6.5015254
3.0167923,0.40602458,-2.3115575,6.287249
3.3440413,0.39357975,-1.7637572,5.726882
2.3873718,0.44057566,-1.1917347,5.9623375
2.893389,0.356443,-1.1873778,5.041107
1.8888899,0.4552742,-1.9269247,7.9103346
3.7628012,0.3834239,-1.5129122,6.1747055
2.9705586,0.40988222,-1.8062382,6.4776683
1.9773238,0.42329356,-2.1573234,6.6691732
1.7109841,0.4660316,-2.8222482,7.8034296
2.0653064,0.3704912,-1.6897919,5.953023
3.5708072,0.39859307,-2.5293067,6.191196
1.6149569,0.39017415,-2.3579185,5.7845373
1.7445196,0.42225534,-1.8112364,7.2591667
2.921137,0.32800028,-1.9424833,3.1687348
3.2473767,0.40258285,-2.3247893,5.5174894
2.5145814,0.3794615,-1.9443569,5.82676
3.3665626,0.37855387,-2.1883175,4.2604437
1.853979,0.3932583,-2.398964,6.115152
4.7405376,0.3991638,-1.6651056,6.184458
2.004603,0.45081684,-2.7393982,7.507126
1.0197259,0.41151834,-2.9223883,6.403805
1.4179276,0.3388225,-2.001604,5.1032963
3.262681,0.3504872,-2.0122678,3.6445546
2.7656095,0.38960046,-2.0924659,5.1445494
1.361779,0.41032884,-2.9369302,6.485805
1.41159,0.3557508,-2.5055263,5.086434
1.048135,0.3901835,-2.71267,6.1932425
1.8095871,0.41693264,-1.3535211,7.38259
2.395118,0.41315427,-2.6703265,6.567398
1.43795,0.4389571,-2.3553715,6.244342
3.8003016,0.38718218,-2.2578437,5.6486177
2.5187054,0.35929343,-1.5363759,5.341524
1.1511612,0.39233556,-2.71267,6.147454
3.191003,0.35115492,-2.1558964,5.498088
2.8404508,0.39357975,-2.4142876,5.7702436
1.6089256,0.39071846,-1.9498799,4.112178
1.2388018,0.35499606,-2.5050507,5.2884283
1.981254,0.41024464,-1.9244196,6.763729
1.485949,0.46469444,-2.2997167,7.655362
2.191648,0.37139222,-2.0439413,5.818673
1.6304715,0.37309545,-2.7353604,5.6732187
1.3741575,0.39072523,-2.4096236,6.439954
0.4955419,0.42021576,-3.1160452,7.096134
1.6957226,0.40225837,-2.742009,6.3583493
1.7057093,0.4313158,-2.626324,6.871292
3.9900162,0.34316042,-1.9115728,4.2796965
1.9181817,0.4432274,-1.8018092,6.316934
0.3818986,0.4408656,-2.9087777,6.3866205
3.5477064,0.3748895,-2.2333786,5.6573005
1.83946,0.41317326,-2.6393952,6.6008115
3.4365366,0.3817226,-2.4431193,5.383183
1.0724521,0.39898908,-2.7314122,6.19214
1.8191848,0.3982223,-1.724426,5.9780493
1.7791148,0.47835395,-2.7053702,8.2555895
1.372907,0.4004215,-2.1623206,6.768247
1.2849314,0.40487528,-2.7047153,6.269545
2.004603,0.44819787,-2.7393982,7.411322
1.4115578,0.44935557,-2.3494382,7.5365043
1.9425521,0.38908496,-2.0940204,5.9985685
3.1383011,0.420948,-1.4076831,5.00175
1.988203,0.39113253,-2.1170812,6.176259
2.2342453,0.45127884,-2.2449872,7.3786073
2.3949363,0.36208045,-2.3344085,5.599547
2.7871895,0.44509453,-2.4129508,7.3878655
4.403475,0.42512092,-2.3129146,6.715706
2.6500564,0.35755587,-1.7177799,3.7671623
4.5063105,0.3580486,-2.0562968,5.1373224
2.8208566,0.34312633,-1.9516494,4.9881954
1.5493978,0.42923105,-2.626324,7.1117783
2.0233438,0.34116986,-1.7333289,5.1510677
3.889173,0.38224486,-2.5252688,5.8697243
3.7415712,0.37940192,-1.9480896,6.0356073
1.5027552,0.3990358,-2.0309343,6.426439
1.200651,0.41753373,-2.822217,6.961923
2.7220411,0.47211492,-1.4972445,7.0895815
2.1594994,0.5111427,-1.5880312,9.037085
1.8725771,0.46007207,-2.5891426,7.4273324
3.0052357,0.4102354,-2.3586931,5.66516
2.0048375,0.3963441,-2.3129916,6.36305
1.8085992,0.41319314,-2.1573234,6.6498427
2.021022,0.41942942,-2.2740762,7.1344438
1.5932604,0.39600074,-2.484828,6.0391903
1.6767843,0.41970113,-2.708467,7.132215
1.9312034,0.45891884,-2.1645186,7.8413033
2.951806,0.37693858,-1.8414556,4.1966233
1.2885022,0.3978492,-2.3287716,6.438018
1.5663682,0.36534405,-2.3939025,5.549036
2.7777944,0.34162563,-2.12493,4.001215
2.863261,0.38087067,-2.1667907,4.2541957
1.2622516,0.35698566,-1.2091763,4.681086
1.9349602,0.37430093,-1.9175005,5.952699
0.9524821,0.38694167,-1.8726461,6.5142236
3.3405383,0.34903654,-1.8891782,5.532373
3.3800888,0.40519145,-1.6218088,6.2484264
3.0063057,0.39189446,-1.9257817,6.1748633
1.758085,0.3600388,-2.453773,5.6784787
3.1232922,0.36403582,-2.0052617,5.757903
1.6399864,0.3799315,-2.215089,5.7266507
2.0726953,0.484426,-1.668279,7.602164
1.257343,0.42948717,-1.5762566,6.7621827
2.1106875,0.41335163,-2.514683,6.600062
2.0539122,0.45053178,-2.3875945,7.4124727
1.2447345,0.40315267,-2.9223883,6.4078608
3.0113616,0.3736041,-2.5252688,5.808988
3.645039,0.48575693,-2.3040667,7.555393
2.4711502,0.43187782,-2.3085635,6.846002
3.1022625,0.44504377,-1.8994251,7.27684
3.274572,0.3854771,-1.5753477,5.9795356
1.133279,0.4552418,-3.0565825,7.4438553
0.9551786,0.40581083,-2.7095733,6.5412707
2.5440388,0.3836606,-1.3788079,4.3231606
1.6358262,0.45205253,-2.3548687,7.3259587
2.0337021,0.333195,-2.0809927,5.258887
2.016184,0.39316526,-1.9551008,6.028676
1.115147,0.44791174,-2.830203,7.4964104
2.6429794,0.40054122,-2.0996544,5.8415947
2.6168969,0.3771985,-1.7449403,5.063738
1.6793008,0.42161644,-2.708467,7.1268816
2.2920692,0.46123296,-1.9440196,7.4835443
2.70303,0.35532334,-1.8901532,5.2544184
2.0546126,0.43132153,-2.24003,6.6334376
1.7816538,0.45839885,-1.5992845,6.1618414
3.7257276,0.40730417,-1.5347457,5.3722897
2.9002547,0.3601809,-2.4135861,4.032034
2.2101414,0.3346843,-1.9202644,4.3241005
1.005553,0.42402944,-2.9166808,6.8612986
1.3168021,0.40141875,-2.71267,6.269545
2.6396575,0.44659933,-2.188011,7.3560333
3.1833427,0.34702817,-1.987572,4.2463245
2.2336917,0.31946474,-1.4694674,5.1992245
2.1201499,0.37622058,-0.9351029,6.003823
3.040982,0.41926757,-2.459261,6.6141047
4.894458,0.3860213,-1.6403619,5.8626246
2.316538,0.38701653,-2.074504,5.789627
1.8727129,0.4535206,-2.3633175,7.766388
4.2354026,0.42429954,-2.1309905,6.6521835
1.955642,0.4230748,-2.1568477,6.566895
0.23317634,0.46682972,-3.1160452,8.21741
0.973258,0.39456153,-2.6925156,6.05665
1.8052033,0.42913955,-2.72967,6.6646934
1.5003338,0.394831,-1.837821,6.221402
2.1564405,0.452931,-2.4029546,7.5806665
3.4446561,0.35095814,-2.0492816,4.1828885
1.6333176,0.472003,-2.1448553,7.649698
1.6145748,0.36397573,-2.7314122,5.677443
1.5943607,0.40854406,-2.7363014,6.343321
1.8141391,0.40915576,-2.051564,6.564101
2.4058728,0.42558,-2.4028978,6.3507347
1.4200816,0.3560071,-2.3473024,5.746644
1.4655817,0.40815288,-2.069547,6.515282
2.067049,0.44815975,-2.7393982,7.464598
2.5976124,0.3796035,-1.8908643,4.2758293
3.6239288,0.41955552,-1.9424937,5.623657
1.7319565,0.41920826,-2.3914618,7.068695
1.9020425,0.351242,-2.4572244,5.7305746
2.9882586,0.37573636,-2.4114933,5.7766924
4.4545655,0.38688985,-1.7109597,5.9479914
1.1015614,0.421064,-2.4817483,7.179478
3.6913214,0.35938707,-1.5202446,3.804763
2.4880867,0.35818177,-1.7245042,3.9055903
1.9723036,0.42835665,-1.9578549,6.860102
2.3543851,0.38013345,-1.8025582,5.9842734
2.4252517,0.42278928,-2.1573234,6.5868373
3.7859085,0.44809374,-2.2201126,7.177903
1.2451141,0.4162231,-2.7095733,6.901043
4.2272534,0.35670987,-2.2398279,5.2528415
3.738022,0.3914611,-1.7284758,6.119352
3.1183789,0.38221127,-1.5880845,5.3302984
1.7554365,0.45110834,-2.458452,6.476312
1.8869189,0.37590748,-2.21832,5.53261
0.5495395,0.37229043,-1.2192055,5.817746
0.90900135,0.40902737,-3.1299975,6.4271235
1.8854669,0.36961576,-2.03423,5.8485594
2.5145473,0.34840184,-1.825005,5.1547527
3.18493,0.3961201,-2.3207874,5.679278
1.9655346,0.42327845,-2.5112891,6.5902944
3.5993652,0.35614195,-2.1106818,5.3834195
3.1299255,0.3815061,-2.5252688,5.7490554
4.3338227,0.34055412,-1.8327727,4.658591
1.0300971,0.37725693,-2.6122499,6.0864296
2.4094443,0.35631827,-1.837792,3.7136607
0.95106494,0.37725693,-2.6122499,6.0864296
3.7459846,0.3738338,-2.0157785,5.8777184
3.2262218,0.3527674,-2.5252688,5.643188
0.47971508,0.41066638,-2.9153051,6.7647343
4.349669,0.39077428,-2.2116838,6.579513
1.6961675,0.42549762,-1.9837283,5.79019
1.4019759,0.40882245,-2.9369302,6.545691
0.54846656,0.37974027,-2.9157398,6.5208445
2.8151283,0.38151914,-1.7065467,6.026053
1.3811975,0.41058987,-2.9369302,6.5691476
1.2447345,0.38042334,-2.7086322,6.299578
2.1112492,0.46847844,-2.1531298,7.4698606
1.5419346,0.42698842,-2.3911643,6.337824
3.0970378,0.39046526,-1.781735,6.1828003
1.8496383,0.3769376,-1.9079049,5.873358
1.82452,0.3855437,-1.7840401,5.944192
1.2886482,0.498761,-1.3222976,8.125207
0.30211106,0.46195766,-1.7588049,8.605248
1.4670825,0.450242,-2.8271062,7.362978
2.5686758,0.40062356,-2.2652614,5.725033
3.2633743,0.4085686,-2.23175,6.413397
2.1395688,0.42649266,-2.4979756,6.7755456
3.3207333,0.36791816,-1.4982709,5.796182
1.1750214,0.3972089,-2.697632,6.3375416
2.4452808,0.4051518,-2.3370275,5.7232666
2.368775,0.32855198,-1.7658664,2.7301955
4.184884,0.41631803,-2.3129146,6.890803
1.8539709,0.48107383,-2.7005122,8.266338
3.5944765,0.44893715,-1.8728449,6.4697146
1.8141391,0.42501107,-2.506431,6.5568905
1.1526191,0.4189491,-2.9223883,6.3937197
1.4955459,0.42306012,-2.2732084,7.1615868
2.3264883,0.4080687,-2.5213206,6.9193954
3.861113,0.40566686,-2.2849436,6.7149544
3.7086666,0.40445185,-2.214368,6.2827272
0.39893475,0.37542278,-2.6989052,5.8080435
2.4354565,0.35760468,-1.8136392,5.0640717
2.728482,0.3484972,-2.157134,4.0715046
1.8331025,0.37693575,-2.0658972,5.7286415
1.389514,0.39631113,-2.7314434,6.362464
1.1652001,0.37163442,-2.1926193,5.385824
2.9622595,0.37035695,-2.6418216,4.2776875
2.5120883,0.42926392,-2.855186,6.7419586
1.9070346,0.4631087,-2.5811565,7.5281425
2.5574095,0.4121156,-2.3056488,6.532352
1.606788,0.39375734,-2.4954243,5.9282236
2.504939,0.34828293,-1.7346085,4.5674815
3.3334374,0.34638,-2.023264,5.215548
0.5404799,0.34283948,-1.996295,5.150453
3.2289815,0.3443483,-1.6840405,4.360722
1.2447345,0.4038865,-2.9223883,6.4078608
1.2542038,0.3639943,-2.7086322,5.7264194
2.1412635,0.3972114,-2.1740663,6.009305
3.253657,0.39650202,-2.2189956,6.1320405
1.0410076,0.3942527,-2.704684,6.134125
1.2276767,0.40976697,-2.7095733,6.5063286
1.7069389,0.37926948,-2.5430753,5.8506217
1.3694377,0.3492346,-2.2102876,4.944926
2.8242695,0.36924604,-2.0334485,5.430256
3.0633564,0.3676941,-2.419179,4.230163
1.1503903,0.36667496,-2.3970745,5.500889
1.9700527,0.39131474,-2.388538,5.869337
2.972941,0.37430093,-1.7078538,5.955897
2.7566037,0.3691763,-2.2127314,5.60354
2.0974398,0.45458126,-2.3960812,7.362978
2.9174688,0.3878639,-2.040079,6.0955887
2.2527971,0.4514644,-1.8113681,7.4445915
1.7848458,0.42404377,-2.4011002,6.6596828
3.7446146,0.48575693,-2.3066502,7.5002127
4.90308,0.33995026,-2.3005958,5.113855
1.3206471,0.4300797,-2.351331,6.5782313
2.7077732,0.37001896,-1.9886949,3.7006607
1.924195,0.4661612,-2.3816936,7.90715
1.9174765,0.42102295,-2.2995646,6.7196617
3.186297,0.39407137,-1.6947109,5.101746
1.7024329,0.37248376,-2.0390844,5.5417194
2.4906368,0.37862486,-2.3181725,4.420895
2.6093214,0.34962916,-1.8661631,4.0014043
1.5904664,0.3994677,-2.353694,5.869355
1.7676542,0.451073,-2.599658,6.4758224
2.1517422,0.39230257,-1.6454933,5.7022943
4.4316688,0.36852294,-1.6770167,5.968903
2.1171377,0.34359646,-1.9253309,4.2681394
1.7754284,0.3688863,-2.0881383,5.470581
2.751861,0.38344708,-1.7125376,4.23635
1.2289077,0.40734854,-2.4817483,6.376605
1.8704076,0.47798833,-2.7053702,8.243019
3.3569603,0.31633142,-1.67109,3.9241335
1.5855407,0.4102036,-2.6257598,6.637025
2.0063982,0.34261382,-1.6796799,4.411052
1.3669962,0.43350768,-2.697632,6.8984118
2.9811478,0.35322317,-1.714071,4.0208426
3.168901,0.3972316,-1.3126986,6.234882
1.1420965,0.41534716,-2.6393952,6.8466134
3.2271795,0.34228748,-1.6879152,3.6935782
1.5847542,0.4283287,-2.3136487,6.784226
1.7466041,0.3712255,-2.4572244,5.7755265
3.9397483,0.38074476,-1.5612684,6.246613
2.2733805,0.43868303,-2.5213518,7.412814
4.092904,0.4128866,-2.2439718,5.523105
0.5760671,0.36434048,-2.43364,5.755043
3.1796548,0.3749625,-1.1101364,6.278681
2.0934653,0.42445388,-2.626324,6.9237194
4.318654,0.4126151,-2.3341756,6.7259407
2.7854986,0.37001327,-1.6828544,5.905927
3.5575976,0.38047403,-1.2823446,5.839871
1.7341391,0.4563885,-2.4406843,6.499631
2.140788,0.5029428,-1.8163618,8.448381
1.2691046,0.4192094,-2.9223883,6.462124
1.6475055,0.3967422,-2.1519413,6.2789526
3.2332973,0.39955556,-2.5583766,6.3119
1.5978825,0.40401056,-2.7363014,6.343321
2.2300541,0.3478577,-1.825005,4.440474
1.5121773,0.44277942,-2.8271062,7.303092
1.3433305,0.40815288,-2.4946115,6.4357944
3.7782912,0.38307056,-2.327339,6.015358
3.8303974,0.38712054,-2.0884407,6.031856
1.6248505,0.42711294,-2.4979756,6.9375105
1.7220126,0.4975951,-2.2676253,8.425062
4.328708,0.42124236,-2.3137302,6.453877
1.382193,0.4244204,-2.5068963,6.6845055
3.0458782,0.4033975,-2.1649144,6.2362785
2.4558325,0.3443483,-1.6954144,4.175445
1.2967864,0.40704784,-2.822217,6.8316727
1.334319,0.35986617,-1.7840401,5.818673
2.4076085,0.34823176,-1.9843588,3.3049273
3.9721298,0.3950861,-1.5178126,6.1869693
1.2195479,0.40015823,-2.3287716,6.5680633
3.0635402,0.37876624,-1.6107985,5.990902
2.0826583,0.5132236,-2.0081682,9.001109
1.4278262,0.38806707,-2.4188929,5.966654
1.7906698,0.45395008,-2.3955805,7.5806665
1.7816314,0.40596747,-2.5107348,6.43455
3.3271883,0.4032986,-1.5650287,6.3042874
4.164425,0.43390998,-1.856391,6.2297087
5.3025074,0.36671436,-1.7422048,5.5128236
3.0336537,0.35772744,-2.5252688,5.366583
2.3171499,0.41680205,-1.957086,6.6405554
0.8237119,0.45821398,-2.9153051,6.5471773
1.9908392,0.46760505,-2.1473417,7.4273324
2.9950898,0.3682228,-2.3236682,4.087483
2.7636292,0.37706834,-1.7353315,5.933858
3.8009512,0.36915204,-1.5848439,5.7433047
2.162415,0.34939036,-2.3262188,4.4351697
3.5512593,0.40304518,-2.459261,5.764144
2.9264226,0.38339293,-2.2165914,5.9577003
2.1290991,0.42191997,-2.188011,6.6087484
2.3893762,0.4000232,-2.6362984,6.5132046
1.6723957,0.44048846,-2.608466,7.3763475
1.2849314,0.42445695,-2.9223883,6.5119977
3.9922032,0.36089325,-1.7122419,4.97273
1.3669962,0.3995976,-2.2644966,6.5995
2.8732338,0.41342613,-1.7644197,6.5023527
1.5784547,0.43064946,-1.9578549,6.7866783
0.90900135,0.4006172,-2.9223883,6.3161383
5.229775,0.33839068,-1.6875368,4.883675
2.9996681,0.38524368,-2.1761272,4.3549166
3.5127234,0.44928893,-2.1121545,6.814456
3.4096913,0.3347948,-1.9622226,3.7713997
1.880843,0.3917124,-2.4228985,6.253631
1.688486,0.3976973,-1.9102376,6.149515
3.500836,0.37744308,-2.168622,6.1005
1.2623456,0.39879608,-2.7047153,6.3104978
2.5442297,0.3836701,-2.334645,6.1748633
1.5943607,0.41545373,-2.7363014,6.3832474
2.0561435,0.43277192,-2.058272,7.2642355
4.0088477,0.33827412,-1.8454895,4.4981318
3.2015452,0.37632984,-2.2295222,4.4565988
3.3941972,0.3690207,-1.7205489,5.368157
1.3864677,0.37709638,-2.074504,5.911347
3.1581213,0.39009163,-1.9275855,4.292853
3.1377265,0.34298852,-1.5235327,4.916827
3.6307182,0.35338384,-1.7755121,3.7384448
2.6125524,0.37049925,-2.160526,5.8485594
2.0650406,0.3610345,-2.0551765,5.5613375
2.309874,0.39457867,-2.623295,5.885292
3.1311972,0.3771674,-2.129654,5.812495
0.70629764,0.4573129,-2.246113,7.7735505
2.9801064,0.40988222,-1.7001492,6.4776683
2.1016083,0.46847844,-2.1451437,7.4273324
2.4776149,0.4303383,-2.4129508,6.7419586
1.1174521,0.4552418,-3.0565825,7.6187177
3.4602754,0.39260864,-2.1413755,6.17655
2.8607278,0.4083411,-1.8744596,5.481865
2.7887971,0.3829828,-2.2271852,5.7667165
4.2914495,0.40070286,-2.0576315,5.282415
0.3751203,0.41489634,-3.1160452,6.978047
3.3376272,0.3603422,-1.7938288,4.433323
0.25164148,0.41368088,-2.687914,7.0497823
3.6107466,0.39955556,-2.4275038,6.198344
2.3868446,0.34470725,-1.6281044,5.357518
2.1608555,0.5123913,-2.0055847,9.037085
4.1162996,0.39168054,-1.8506451,5.9158287
3.9224536,0.31388432,-1.9089799,2.6886234
0.96030766,0.3293754,-2.1964927,4.4778433
2.915224,0.384278,-2.4431193,5.4587445
1.5390308,0.35478953,-2.3418736,5.418392
2.694986,0.37302512,-1.9184433,6.0485883
3.706746,0.36439168,-2.0246422,5.394807
3.223645,0.36024654,-1.5615714,5.6371446
1.865781,0.4152383,-2.2180667,5.772263
1.9382951,0.401991,-2.2887745,6.748676
2.0050719,0.40012828,-2.2912762,6.5208926
3.8543708,0.3950662,-2.2652614,5.6185994
2.3308423,0.38929623,-1.9301871,4.2655544
1.7111112,0.40222853,-2.4572244,6.4402757
1.5632561,0.40180677,-2.6257598,6.557072
1.2483262,0.4038865,-2.4817483,6.388252
1.502373,0.39051828,-1.9602929,5.9117646
1.2810725,0.44679943,-2.8171318,7.519698
1.0696089,0.39015472,-1.7874117,5.8863435
1.6641052,0.39385125,-2.3821633,6.11752
2.29548,0.44284874,-2.0621786,7.406001
3.6877518,0.39527583,-2.5583766,6.198344
0.91300213,0.41961694,-2.0470734,6.509127
3.3868835,0.36119232,-1.7845117,5.916225
2.90835,0.39218363,-2.5213206,5.737187
1.7859093,0.4497602,-2.3875945,7.572114
2.6228342,0.3533889,-2.1756911,4.1348658
2.2717607,0.4595188,-1.9440196,7.3945227
3.0168219,0.38984406,-2.1716318,6.040598
2.3298328,0.40225837,-2.1573234,6.5217943
3.81419,0.34207675,-1.7232109,4.880628
2.8762481,0.4243168,-1.3788079,5.798826
1.9605124,0.38504368,-1.6461006,4.134552
1.379979,0.38807783,-2.0742245,5.810294
2.558795,0.3927754,-1.6922354,5.968578
1.9975871,0.3148336,-1.8284945,5.0414147
3.7513058,0.3479364,-1.5509638,4.61232
1.1377888,0.4159622,-2.7016702,6.1368246
2.8270671,0.39432076,-1.6750916,6.103486
4.070577,0.39431623,-1.7900435,4.1902533
2.914933,0.38056058,-2.309272,4.175385
1.3312962,0.42445076,-3.1299975,6.6807528
2.0063283,0.46209538,-1.9244196,7.9103346
1.2849314,0.40561506,-2.7047153,6.3951297
2.9860804,0.39398906,-1.9006131,6.1600685
2.3603668,0.38605392,-2.1077337,5.5436344
3.1766071,0.3339172,-2.0969343,4.7495694
3.7993114,0.38279516,-1.9362898,4.677357
3.446603,0.32571805,-1.9366053,3.7575157
1.2301933,0.3959452,-2.7047153,6.468446
3.552517,0.4524923,-2.4181602,7.2886257
3.349714,0.38321206,-1.9866302,5.52139
3.5807025,0.39262247,-1.515165,6.1641173
3.1423485,0.36110198,-1.6882353,5.6070037
3.6674619,0.371046,-1.8014174,4.2256556
2.7968423,0.33350447,-1.7421336,3.8010333
1.8921784,0.4010644,-1.844615,6.257018
3.1846676,0.39650202,-2.0838614,6.0887623
2.1859663,0.41608545,-2.351331,6.6008115
1.7186718,0.3527581,-1.9849755,4.3310704
1.9796318,0.4029421,-1.900657,5.793313
3.5216265,0.34083042,-2.0960636,4.7675753
2.0698063,0.44887313,-2.084656,7.390199
4.5904484,0.44732216,-2.2078686,6.91072
3.298116,0.3739206,-1.7353315,5.933858
2.3171196,0.34357572,-1.750006,3.503434
1.9544709,0.42002624,-2.2427893,6.81694
3.819616,0.41693133,-2.0709853,6.4261074
2.6844313,0.3543026,-2.3311937,5.1063986
1.5322441,0.36887735,-2.1363945,5.32618
1.990552,0.37924996,-1.8160471,5.901878
0.719709,0.3998559,-2.4478261,4.9290266
0.7668121,0.41313678,-2.714642,6.6262407
2.9362586,0.36068788,-1.9508893,5.771102
3.272745,0.37182745,-2.4376235,4.2709293
2.8228872,0.4042812,-2.4142478,6.5351777
2.3212512,0.38833892,-2.0785263,5.2570143
2.1063914,0.4690604,-2.153599,7.6039853
1.9866027,0.39911693,-2.1705103,6.2925267
1.6412041,0.3932583,-2.398964,6.240513
1.6793008,0.41751412,-2.7044291,7.1577625
0.50610906,0.36152467,-2.7044291,5.214495
1.1421006,0.36690542,-2.4407663,5.311837
1.9381974,0.3794615,-2.204923,5.9089823
2.1023824,0.40915576,-2.514683,6.58371
0.24900316,0.47190815,-3.1160452,8.274075
1.2362853,0.36057138,-2.5050507,5.2380466
1.7657089,0.4620329,-2.6033494,7.883831
1.820451,0.41866165,-2.1098754,5.7688727
1.9792786,0.3458108,-2.1573918,5.523923
1.515769,0.40899697,-2.8328137,6.8960767
2.3394008,0.34292403,-2.3343277,5.412116
2.0463846,0.41535443,-2.3188467,6.6674943
2.0061054,0.4072868,-2.1690433,6.55148
1.7238455,0.4175837,-2.3940454,7.0453763
2.8610644,0.39303827,-2.4188223,5.794181
1.8298957,0.4926004,-2.2457328,8.425062
3.2071524,0.36113605,-2.0478394,5.4001546
1.5071483,0.39976373,-2.6314092,6.305796
3.5401945,0.36639872,-1.9581465,5.141029
3.21023,0.4002399,-2.1595168,6.232231
3.063426,0.42015433,-0.9361792,5.811033
1.7305474,0.44972745,-2.2159047,6.28168
2.5046961,0.38971758,-1.9952935,5.707036
1.3620918,0.42714003,-1.8113681,6.576954
2.6015844,0.3854841,-2.2069054,4.6221747
1.6103522,0.40815288,-2.7543075,6.3832474
2.9952981,0.37335175,-2.6281862,4.1427345
2.1076148,0.41630593,-2.8525753,6.688409
2.322077,0.41233608,-2.0571282,5.55498
2.1859663,0.4320565,-2.6314404,6.5576277
1.5279267,0.41508406,-2.6314404,6.5696983
2.9907908,0.4100915,-2.058802,6.5480933
3.5556087,0.38571578,-2.2243886,5.5148177
2.2177072,0.3897852,-1.9222218,6.131785
3.294057,0.33678752,-2.170676,3.8194094
2.7968307,0.37841663,-2.2349844,6.2714386
1.7296121,0.418449,-2.626324,6.5080266
1.9281965,0.45978078,-2.5891426,7.4273324
1.5957699,0.36053246,-2.7314122,5.634336
2.6616905,0.35663292,-2.1393213,5.004323
2.9279144,0.3830562,-1.4886382,5.4679227
1.5993534,0.4102036,-2.621722,6.826542
2.4813695,0.40304184,-2.3141043,6.4190326
2.8926492,0.35442367,-1.8455197,5.2591333
1.9315637,0.45395008,-2.4029546,7.6231937
3.2162447,0.36639872,-2.0855274,5.2920485
2.348742,0.37251857,-1.9492646,5.8756275
3.310756,0.34863803,-2.229328,3.9774182
3.3139212,0.3724937,-1.7703799,5.3977327
3.5721953,0.32732806,-2.1304538,4.1542716
2.12295,0.37514314,-1.8908643,3.8228629
2.726542,0.33120683,-1.9988662,3.6648133
0.8931745,0.41022664,-3.1299975,6.4271235
2.61856,0.326646,-1.9424833,3.078034
4.6619678,0.38810852,-2.2081518,6.2445235
1.7075195,0.41403684,-2.463564,6.9226837
1.4363142,0.4049607,-2.1377828,6.697784
1.495697,0.35851467,-1.8874891,5.746644
1.6495483,0.40635988,-2.215089,6.024491
1.1486447,0.41190898,-2.7095733,6.440781
2.060706,0.4827818,-1.7033271,7.5232596
3.3374949,0.42468292,-2.3382165,5.730705
2.2467198,0.4000026,-1.099467,4.1804957
2.0264714,0.36953264,-2.0439413,5.53261
0.8931745,0.39187643,-2.9223883,6.4470425
1.8430097,0.33920723,-1.7720717,5.4762163
1.0614938,0.3326761,-2.1756856,5.2406554
2.016112,0.4317544,-2.0756612,6.742494
2.9559102,0.33741057,-1.6086334,5.3935213
3.2599566,0.39955556,-2.5583766,6.140804
1.7705922,0.59158343,-1.1986173,9.724106
3.4775364,0.3917416,-2.1020057,6.1599374
3.751475,0.43902457,-2.1306806,6.6022925
1.2571868,0.41420004,-2.0675645,6.5191565
3.281521,0.386423,-1.6696264,5.900558
3.3965757,0.3720963,-2.3833714,4.102864
3.1686263,0.4033707,-2.094429,6.2250094
2.2985141,0.4298478,-2.1568477,6.9741116
2.2868052,0.40645424,-2.6393952,6.6002827
2.3712478,0.32615528,-1.6373245,3.4361312
3.9678211,0.3566855,-2.0305157,4.9967
2.9329576,0.38727564,-1.2936574,6.048398
2.8239431,0.38199228,-2.1695287,4.3276258
2.3195925,0.38453546,-1.3126986,6.2306223
2.3231113,0.35941458,-2.4235556,5.6150713
1.6824454,0.40969682,-1.8950928,6.5963526
3.0797114,0.40342462,-2.3000817,6.163071
2.4657948,0.44209188,-1.8220407,6.8526297
1.3776058,0.41499954,-2.9369302,6.452401
3.3510718,0.3773372,-1.9794022,3.8826036
3.0717812,0.3623283,-2.5252688,5.502538
1.8984474,0.3682647,-2.2933347,5.708103
3.4538941,0.3439379,-2.170676,3.9873557
1.5835491,0.35812014,-2.0995135,5.253725
1.6475055,0.39827305,-2.371567,6.191234
2.585131,0.38240263,-2.0467625,6.026053
1.5598643,0.43070078,-2.603407,6.357849
2.0431125,0.5070326,-2.4676278,9.037085
1.0253862,0.35633647,-2.1971803,4.937852
1.7078366,0.39964324,-2.3806005,6.191234
1.5221753,0.3666062,-2.3609324,5.462194
2.6275263,0.42792165,-2.3136487,6.644103
2.8835013,0.35485104,-2.633682,3.9705756
1.2505437,0.39325818,-2.0742245,5.9045577
1.9266199,0.42175594,-2.4110746,6.478629
4.398255,0.40314588,-1.9923223,5.2063885
3.01356,0.39141634,-2.3000817,6.187464
3.3965104,0.3720876,-2.2367024,5.656742
1.5808488,0.3895026,-1.9551008,6.028676
3.8826535,0.36032853,-2.1502357,4.3500423
2.5084968,0.4265537,-2.3619277,6.678953
1.743098,0.37717333,-1.9175005,5.7926226
4.1298995,0.39202783,-1.9803787,6.389053
2.8954632,0.39688447,-1.4934603,6.142808
2.8106415,0.3758441,-1.794631,5.649748
2.699662,0.36964622,-2.0629618,4.1576605
3.4864154,0.34092033,-1.9929816,4.2057676
2.1485708,0.39341068,-1.4907012,5.7623725
2.9779203,0.34599373,-2.013599,3.7870424
3.8244114,0.4015445,-2.0071764,6.255229
1.8626877,0.43847314,-2.0586026,6.33656
4.5371,0.39328018,-1.8264182,5.1452727
1.576574,0.42044032,-1.8220407,7.0767546
1.666092,0.44410646,-2.3136036,7.495548
1.8696287,0.36255538,-2.1596646,5.6841683
2.0629413,0.47401032,-2.153599,7.5231366
4.3767614,0.4574501,-1.8300195,6.5165906
1.9253076,0.42648178,-2.72967,6.6646934
3.2408648,0.3770112,-2.2272213,5.789627
1.8884039,0.45438838,-2.3898833,7.482101
2.6476257,0.39861536,-2.1448128,6.103486
2.3672705,0.37244296,-2.3021405,5.976946
3.1532865,0.40545467,-2.5252688,6.25672
1.3884522,0.379361,-2.0395594,5.7219234
2.501775,0.390246,-2.4091246,4.332921
0.90900135,0.4138599,-3.1299975,6.4271235
0.5760671,0.35450107,-2.9157398,5.525038
2.6255157,0.38363367,-2.2272213,5.715025
1.1684695,0.39948022,-2.149434,5.966654
3.2617695,0.40790588,-1.8498721,6.25672
2.0182862,0.31919548,-1.6603612,4.325095
1.6877307,0.31736636,-2.0513234,4.2200265
1.5123806,0.38559163,-1.6838998,6.2822967
1.9139537,0.38371527,-1.6358899,5.9922104
3.4011014,0.39460316,-1.9956133,5.3119774
2.637974,0.34642068,-1.4711124,3.679683
2.0837023,0.39995143,-2.521875,6.343321
1.6793008,0.4960587,-2.9223883,8.9838085
1.3008536,0.42167598,-2.2526615,6.3184967
2.9461765,0.39520356,-1.9792928,5.5990467
1.0972824,0.3731703,-2.3970745,5.426014
3.4072413,0.41011456,-2.6537552,5.668695
1.8153228,0.38556096,-2.034466,5.7755265
2.6282744,0.38969833,-1.8832973,6.0845313
2.1901007,0.3691576,-2.3371317,5.657743
2.671928,0.37349683,-1.6083425,5.542494
1.2967864,0.3675555,-2.6122499,5.445515
2.9628034,0.37384015,-2.0509567,5.7525625
3.6373193,0.38244307,-2.0724401,5.429551
2.2655966,0.3887219,-1.9728922,5.8928633
3.1266294,0.36939973,-1.9632801,5.8889446
1.2230605,0.38242507,-2.1569953,5.4879885
1.5614234,0.41320473,-2.390594,6.80347
1.8884039,0.4187459,-2.390594,7.068695
1.6580033,0.41474217,-2.463564,6.8121614
4.430337,0.41440254,-2.3179188,6.741208
3.8279548,0.3413497,-1.6850384,3.6337657
1.6648089,0.40440944,-2.5072834,6.472712
2.0733483,0.40868634,-2.5501246,6.4655204
2.0921407,0.4112217,-2.058802,6.61546
2.263634,0.41680205,-2.351331,6.6008115
0.24900316,0.4794832,-2.6945624,8.352578
5.366497,0.37543407,-1.7494134,5.991422
1.055366,0.3895026,-2.3890305,6.1828003
2.5358834,0.37793732,-1.8025582,6.0972543
2.112398,0.4176403,-2.3158467,6.577355
2.0546126,0.43132153,-2.72967,6.6646934
2.1185896,0.43827194,-2.058272,7.403556
3.1030805,0.32756805,-2.1269236,4.854059
3.1422174,0.35641497,-2.1162055,5.4548135
2.004603,0.44921482,-2.2427893,7.386171
1.2276767,0.41393676,-2.7095733,6.4805255
2.6712766,0.36995187,-2.3143573,4.233567
2.6706169,0.38034293,-2.159401,4.7991853
0.3084493,0.40638947,-2.9086566,6.8078423
1.5915073,0.36062196,-1.4801886,5.768894
2.299909,0.390246,-2.4146204,4.2507915
